id_zona,nama_kelurahan,koordinat_latitude,koordinat_longitude,tahun_data,jenis_penggunaan_lahan,nilai_aktual,nilai_prediksi,dataset,error,absolute_error,percentage_error,absolute_percentage_error,nilai_aktual_formatted,nilai_prediksi_formatted,error_formatted
Z143,Buket Langa,4.96203,97.74058,2023,Pertanian,112000,108658.05230880229,TRAINING,-3341.947691197711,3341.947691197711,-2.983881867140813,2.983881867140813,"Rp 112,000","Rp 108,658","Rp -3,342"
Z254,Buket Jok,4.957622,97.727797,2023,Pertanian,175000,176416.15079365077,TRAINING,1416.1507936507696,1416.1507936507696,0.809229024943297,0.809229024943297,"Rp 175,000","Rp 176,416","Rp 1,416"
Z401,Kampung Tanjong,4.95043,97.77991,2023,Pertanian,175000,175403.88095238095,TRAINING,403.88095238094684,403.88095238094684,0.23078911564625532,0.23078911564625532,"Rp 175,000","Rp 175,404",Rp 404
Z348,Ulee Gle,4.89797,97.7936,2024,Komersial,400000,391192.71825396834,TRAINING,-8807.281746031658,8807.281746031658,-2.201820436507915,2.201820436507915,"Rp 400,000","Rp 391,193","Rp -8,807"
Z397,Kampung Blang,4.94808,97.77047,2025,Pemukiman,240000,246707.2222222222,TRAINING,6707.22222222219,6707.22222222219,2.7946759259259126,2.7946759259259126,"Rp 240,000","Rp 246,707","Rp 6,707"
Z034,Buket Pala,4.953684,97.758295,2023,Pemukiman,195000,199871.55880230886,TRAINING,4871.558802308864,4871.558802308864,2.498235283235315,2.498235283235315,"Rp 195,000","Rp 199,872","Rp 4,872"
Z182,Lhok Asahan,4.91815,97.78819,2023,Pemukiman,420000,418237.44810744823,TRAINING,-1762.551892551768,1762.551892551768,-0.41965521251232574,0.41965521251232574,"Rp 420,000","Rp 418,237","Rp -1,763"
Z003,Keude Blang,5.018745,97.642446,2025,Pemukiman,450000,461399.5869408369,TRAINING,11399.586940836918,11399.586940836918,2.533241542408204,2.533241542408204,"Rp 450,000","Rp 461,400","Rp 11,400"
Z443,Seuneubok Tutong,4.9237,97.7384,2023,Pemukiman,225000,212662.9053724054,TRAINING,-12337.094627594604,12337.094627594604,-5.483153167819824,5.483153167819824,"Rp 225,000","Rp 212,663","Rp -12,337"
Z267,Buket Pala,4.953684,97.758295,2024,Pertanian,108000,106846.48809523809,TRAINING,-1153.5119047619082,1153.5119047619082,-1.0680665784832484,1.0680665784832484,"Rp 108,000","Rp 106,846","Rp -1,154"
Z246,Alue Dua Muka O,4.976455,97.749566,2024,Pemukiman,385000,388919.04761904763,TRAINING,3919.047619047633,3919.047619047633,1.0179344465058786,1.0179344465058786,"Rp 385,000","Rp 388,919","Rp 3,919"
Z419,Matang Rayeuk (PR),4.93219,97.79798,2023,Pertanian,108000,112175.873015873,TRAINING,4175.873015873003,4175.873015873003,3.866549088771299,3.866549088771299,"Rp 108,000","Rp 112,176","Rp 4,176"
Z430,Meunasah Puuk,4.94269,97.76313,2025,Pemukiman,400000,399771.6865079366,TRAINING,-228.31349206337472,228.31349206337472,-0.05707837301584368,0.05707837301584368,"Rp 400,000","Rp 399,772",Rp -228
Z138,Buket Jok,4.957622,97.727797,2024,Pemukiman,165000,167814.43650793648,TRAINING,2814.4365079364798,2814.4365079364798,1.7057190957190784,1.7057190957190784,"Rp 165,000","Rp 167,814","Rp 2,814"
Z327,Seuneubok Teungoh (SMK),4.92726,97.79034,2024,Pemukiman,325000,310981.01190476195,TRAINING,-14018.988095238048,14018.988095238048,-4.313534798534784,4.313534798534784,"Rp 325,000","Rp 310,981","Rp -14,019"
Z447,Tanjong Kapai,4.965897,97.762578,2024,Pertanian,95000,97798.55916305915,TRAINING,2798.5591630591516,2798.5591630591516,2.9458517505885804,2.9458517505885804,"Rp 95,000","Rp 97,799","Rp 2,799"
Z190,Matang Rayeuk (PR),4.93219,97.79798,2025,Pertanian,230000,225170.65476190473,TRAINING,-4829.345238095266,4829.345238095266,-2.099715320910985,2.099715320910985,"Rp 230,000","Rp 225,171","Rp -4,829"
Z197,Meunasah Puuk,4.94269,97.76313,2023,Pertanian,128000,124406.2222222222,TRAINING,-3593.7777777777956,3593.7777777777956,-2.807638888888903,2.807638888888903,"Rp 128,000","Rp 124,406","Rp -3,594"
Z136,Bantayan Timur,4.939803,97.75776,2025,Pemukiman,235000,234190.6746031746,TRAINING,-809.3253968254139,809.3253968254139,-0.34439378588315483,0.34439378588315483,"Rp 235,000","Rp 234,191",Rp -809
Z131,Alue Dua Muka S,4.975852,97.746353,2023,Pertanian,138000,138932.0057720058,TRAINING,932.0057720057957,932.0057720057957,0.6753665014534752,0.6753665014534752,"Rp 138,000","Rp 138,932",Rp 932
Z275,Gampong Jalan,4.96279,97.75944,2023,Pertanian,108000,115033.36507936507,TRAINING,7033.365079365074,7033.365079365074,6.512375073486179,6.512375073486179,"Rp 108,000","Rp 115,033","Rp 7,033"
Z132,Alue Dua Muka S,4.975852,97.746353,2024,Pemukiman,175000,182721.41269841266,TRAINING,7721.412698412663,7721.412698412663,4.412235827664379,4.412235827664379,"Rp 175,000","Rp 182,721","Rp 7,721"
Z010,Tanoh Anou,4.943832,97.777176,2023,Pemukiman,460000,451169.0097402598,TRAINING,-8830.99025974021,8830.99025974021,-1.919780491247872,1.919780491247872,"Rp 460,000","Rp 451,169","Rp -8,831"
Z072,Matang Bungong,4.92757,97.80742,2025,Pemukiman,255000,262156.5746753247,TRAINING,7156.574675324722,7156.574675324722,2.8064998726763615,2.8064998726763615,"Rp 255,000","Rp 262,157","Rp 7,157"
Z102,Teupin Batee,4.96757,97.74699,2024,Pertanian,158000,160315.66774891774,TRAINING,2315.667748917738,2315.667748917738,1.4656124993150241,1.4656124993150241,"Rp 158,000","Rp 160,316","Rp 2,316"
Z137,Buket Jok,4.957622,97.727797,2023,Pemukiman,250000,237853.61111111115,TRAINING,-12146.388888888847,12146.388888888847,-4.858555555555539,4.858555555555539,"Rp 250,000","Rp 237,854","Rp -12,146"
Z325,Seuneubok Teungoh (PR),4.88843,97.80519,2025,Pertanian,88000,83251.31565656565,TRAINING,-4748.684343434346,4748.684343434346,-5.3962322084481205,5.3962322084481205,"Rp 88,000","Rp 83,251","Rp -4,749"
Z343,Tualang Dalam,4.91532,97.78519,2025,Pertanian,77000,81606.99999999999,TRAINING,4606.999999999985,4606.999999999985,5.983116883116865,5.983116883116865,"Rp 77,000","Rp 81,607","Rp 4,607"
Z142,Buket Juara,4.955677,97.754384,2025,Pemukiman,365000,363599.2388167389,TRAINING,-1400.7611832611146,1400.7611832611146,-0.383770187194826,0.383770187194826,"Rp 365,000","Rp 363,599","Rp -1,401"
Z362,Alue Dua Muka O,4.976455,97.749566,2023,Pertanian,78000,88794.93253968256,TRAINING,10794.932539682559,10794.932539682559,13.839657102157126,13.839657102157126,"Rp 78,000","Rp 88,795","Rp 10,795"
Z368,Buket Jok,4.957622,97.727797,2023,Pertanian,125000,133748.5873015873,TRAINING,8748.587301587308,8748.587301587308,6.998869841269846,6.998869841269846,"Rp 125,000","Rp 133,749","Rp 8,749"
Z141,Buket Juara,4.955677,97.754384,2024,Pemukiman,345000,348876.24999999994,TRAINING,3876.249999999942,3876.249999999942,1.1235507246376644,1.1235507246376644,"Rp 345,000","Rp 348,876","Rp 3,876"
Z122,Kampung Jawa,4.950312,97.77408,2023,Pertanian,155000,165636.90873015876,TRAINING,10636.908730158757,10636.908730158757,6.862521761392746,6.862521761392746,"Rp 155,000","Rp 165,637","Rp 10,637"
Z174,Ketapang Dua,4.92212,97.79712,2024,Pertanian,235000,221129.33333333337,TRAINING,-13870.666666666628,13870.666666666628,-5.902411347517714,5.902411347517714,"Rp 235,000","Rp 221,129","Rp -13,871"
Z234,Keude Blang,5.018745,97.642446,2024,Pemukiman,255000,248874.57070707067,TRAINING,-6125.42929292933,6125.42929292933,-2.4021291344820903,2.4021291344820903,"Rp 255,000","Rp 248,875","Rp -6,125"
Z258,Buket Juara,4.955677,97.754384,2024,Pertanian,112000,120128.98809523812,TRAINING,8128.988095238121,8128.988095238121,7.258025085034037,7.258025085034037,"Rp 112,000","Rp 120,129","Rp 8,129"
Z055,Kampung Tanjong,4.95043,97.77991,2023,Pemukiman,440000,434002.4206349206,TRAINING,-5997.579365079408,5997.579365079408,-1.363086219336229,1.363086219336229,"Rp 440,000","Rp 434,002","Rp -5,998"
Z431,Seuneubok Bacee,4.935716,97.781945,2023,Pemukiman,375000,373617.75974025985,TRAINING,-1382.2402597401524,1382.2402597401524,-0.368597402597374,0.368597402597374,"Rp 375,000","Rp 373,618","Rp -1,382"
Z360,Tanoh Anou,4.943832,97.777176,2024,Pemukiman,280000,266515.9966422466,TRAINING,-13484.00335775339,13484.00335775339,-4.815715484911926,4.815715484911926,"Rp 280,000","Rp 266,516","Rp -13,484"
Z405,Ketapang Dua,4.92212,97.79712,2024,Pertanian,112000,121962.33333333336,TRAINING,9962.333333333358,9962.333333333358,8.894940476190499,8.894940476190499,"Rp 112,000","Rp 121,962","Rp 9,962"
Z263,Buket Meulinteung,4.967052,97.730316,2023,Pertanian,118000,111570.73015873016,TRAINING,-6429.269841269837,6429.269841269837,-5.448533763787998,5.448533763787998,"Rp 118,000","Rp 111,571","Rp -6,429"
Z344,Ulee Blang,4.97331,97.76081,2023,Pertanian,84000,82219.68253968254,TRAINING,-1780.3174603174557,1780.3174603174557,-2.119425547996971,2.119425547996971,"Rp 84,000","Rp 82,220","Rp -1,780"
Z435,Seuneubok Rambong,4.94039,97.78733,2024,Pertanian,105000,97884.40476190478,TRAINING,-7115.595238095222,7115.595238095222,-6.776757369614497,6.776757369614497,"Rp 105,000","Rp 97,884","Rp -7,116"
Z374,Buket Langa,4.96203,97.74058,2023,Pemukiman,340000,340835.91269841266,TRAINING,835.9126984126633,835.9126984126633,0.24585667600372452,0.24585667600372452,"Rp 340,000","Rp 340,836",Rp 836
Z019,Bantayan Timur,4.939803,97.75776,2023,Pemukiman,365000,364520.0919913419,TRAINING,-479.90800865809433,479.90800865809433,-0.1314816462076971,0.1314816462076971,"Rp 365,000","Rp 364,520",Rp -480
Z319,Seuneubok Bacee,4.935716,97.781945,2025,Pemukiman,225000,211032.97222222225,TRAINING,-13967.027777777752,13967.027777777752,-6.207567901234556,6.207567901234556,"Rp 225,000","Rp 211,033","Rp -13,967"
Z200,Seuneubok Bacee,4.935716,97.781945,2023,Pemukiman,155000,159282.23412698414,TRAINING,4282.234126984142,4282.234126984142,2.762731694828479,2.762731694828479,"Rp 155,000","Rp 159,282","Rp 4,282"
Z065,Keutapang Mameh,4.965023,97.771706,2024,Pertanian,140000,139145.37481962482,TRAINING,-854.6251803751802,854.6251803751802,-0.610446557410843,0.610446557410843,"Rp 140,000","Rp 139,145",Rp -855
Z328,Seuneubok Teungoh (SMK),4.92726,97.79034,2025,Pertanian,78000,82620.71428571429,TRAINING,4620.71428571429,4620.71428571429,5.92399267399268,5.92399267399268,"Rp 78,000","Rp 82,621","Rp 4,621"
Z437,Seuneubok Teungoh (PR),4.88843,97.80519,2023,Pemukiman,335000,329552.38095238095,TRAINING,-5447.619047619053,5447.619047619053,-1.6261549395877772,1.6261549395877772,"Rp 335,000","Rp 329,552","Rp -5,448"
Z434,Seuneubok Rambong,4.94039,97.78733,2023,Pertanian,92000,93715.5854978355,TRAINING,1715.5854978355055,1715.5854978355055,1.8647668454733757,1.8647668454733757,"Rp 92,000","Rp 93,716","Rp 1,716"
Z273,Gampong Aceh,4.94902,97.76716,2024,Pertanian,182000,178896.47435897437,TRAINING,-3103.525641025626,3103.525641025626,-1.705233868695399,1.705233868695399,"Rp 182,000","Rp 178,896","Rp -3,104"
Z029,Buket Langa,4.96203,97.74058,2024,Pemukiman,355000,352675.1064213565,TRAINING,-2324.893578643503,2324.893578643503,-0.6548995996178881,0.6548995996178881,"Rp 355,000","Rp 352,675","Rp -2,325"
Z151,Buket Pala,4.953684,97.758295,2025,Pemukiman,275000,277959.2261904762,TRAINING,2959.2261904762127,2959.2261904762127,1.0760822510822592,1.0760822510822592,"Rp 275,000","Rp 277,959","Rp 2,959"
Z048,Gureb Blang,4.95253,97.74776,2025,Pertanian,110000,111151.12373737374,TRAINING,1151.1237373737385,1151.1237373737385,1.046476124885217,1.046476124885217,"Rp 110,000","Rp 111,151","Rp 1,151"
Z363,Alue Dua Muka O,4.976455,97.749566,2024,Pemukiman,295000,290442.0833333334,TRAINING,-4557.916666666628,4557.916666666628,-1.545056497175128,1.545056497175128,"Rp 295,000","Rp 290,442","Rp -4,558"
Z433,Seuneubok Bacee,4.935716,97.781945,2025,Pertanian,175000,172901.28932178937,TRAINING,-2098.7106782106275,2098.7106782106275,-1.1992632446917872,1.1992632446917872,"Rp 175,000","Rp 172,901","Rp -2,099"
Z313,Meunasah Jeumpa,4.92158,97.78055,2025,Pertanian,92000,89306.87301587302,TRAINING,-2693.1269841269823,2693.1269841269823,-2.927311939268459,2.927311939268459,"Rp 92,000","Rp 89,307","Rp -2,693"
Z338,Titi Baro,4.93328,97.78364,2023,Pertanian,75000,83641.01984126984,TRAINING,8641.019841269837,8641.019841269837,11.521359788359783,11.521359788359783,"Rp 75,000","Rp 83,641","Rp 8,641"
Z106,Titi Baro,4.93328,97.78364,2025,Pertanian,115000,108449.69047619047,TRAINING,-6550.309523809527,6550.309523809527,-5.695921325051763,5.695921325051763,"Rp 115,000","Rp 108,450","Rp -6,550"
Z300,Lhok Asahan,4.91815,97.78819,2024,Pertanian,88000,90149.68253968254,TRAINING,2149.6825396825443,2149.6825396825443,2.442821067821073,2.442821067821073,"Rp 88,000","Rp 90,150","Rp 2,150"
Z280,Gureb Blang,4.95253,97.74776,2025,Pertanian,128000,129921.33730158731,TRAINING,1921.3373015873076,1921.3373015873076,1.5010447668650841,1.5010447668650841,"Rp 128,000","Rp 129,921","Rp 1,921"
Z047,Gureb Blang,4.95253,97.74776,2024,Pertanian,105000,107942.9126984127,TRAINING,2942.912698412707,2942.912698412707,2.8027739984882927,2.8027739984882927,"Rp 105,000","Rp 107,943","Rp 2,943"
Z317,Seuneubok Bacee,4.935716,97.781945,2023,Komersial,410000,403431.70634920633,TRAINING,-6568.293650793668,6568.293650793668,-1.6020228416569922,1.6020228416569922,"Rp 410,000","Rp 403,432","Rp -6,568"
Z337,Teupin Batee,4.96757,97.74699,2025,Pertanian,82000,89099.1507936508,TRAINING,7099.150793650799,7099.150793650799,8.657500967866829,8.657500967866829,"Rp 82,000","Rp 89,099","Rp 7,099"
Z341,Tualang Dalam,4.91532,97.78519,2023,Pertanian,89000,85006.04761904762,TRAINING,-3993.9523809523816,3993.9523809523816,-4.4875869448903165,4.4875869448903165,"Rp 89,000","Rp 85,006","Rp -3,994"
Z054,Kampung Jalan,4.96262,97.75781,2025,Pemukiman,325000,335599.04040404037,TRAINING,10599.040404040366,10599.040404040366,3.26124320124319,3.26124320124319,"Rp 325,000","Rp 335,599","Rp 10,599"
Z014,Alue Dua Muka O,4.976455,97.749566,2024,Pertanian,260000,255033.28102453097,TRAINING,-4966.7189754690335,4966.7189754690335,-1.9102765290265513,1.9102765290265513,"Rp 260,000","Rp 255,033","Rp -4,967"
Z144,Buket Langa,4.96203,97.74058,2024,Pertanian,155000,163165.35317460317,TRAINING,8165.353174603166,8165.353174603166,5.267969790066559,5.267969790066559,"Rp 155,000","Rp 163,165","Rp 8,165"
Z294,Keude Aceh,4.95213,97.767995,2024,Pertanian,138000,123073.78968253966,TRAINING,-14926.21031746034,14926.21031746034,-10.816094432942275,10.816094432942275,"Rp 138,000","Rp 123,074","Rp -14,926"
Z067,Lhok Asahan,4.91815,97.78819,2023,Pertanian,135000,135294.22619047618,TRAINING,294.22619047618355,294.22619047618355,0.21794532627865448,0.21794532627865448,"Rp 135,000","Rp 135,294",Rp 294
Z304,Matang Bungong,4.92757,97.80742,2025,Pemukiman,210000,212381.66514041513,TRAINING,2381.6651404151344,2381.6651404151344,1.1341262573405402,1.1341262573405402,"Rp 210,000","Rp 212,382","Rp 2,382"
Z202,Seuneubok Bacee,4.935716,97.781945,2025,Pemukiman,255000,256548.24134199135,TRAINING,1548.24134199135,1548.24134199135,0.6071534674475882,0.6071534674475882,"Rp 255,000","Rp 256,548","Rp 1,548"
Z044,Gampong Jalan,4.96279,97.75944,2024,Pemukiman,355000,357073.9087301589,TRAINING,2073.9087301588734,2073.9087301588734,0.5841996422982743,0.5841996422982743,"Rp 355,000","Rp 357,074","Rp 2,074"
Z407,Keude Aceh,4.95213,97.767995,2023,Pemukiman,295000,299162.30880230886,TRAINING,4162.308802308864,4162.308802308864,1.4109521363758861,1.4109521363758861,"Rp 295,000","Rp 299,162","Rp 4,162"
Z423,Matang Rayeuk (SMK),4.9215,97.81222,2024,Pertanian,95000,92778.43073593073,TRAINING,-2221.5692640692723,2221.5692640692723,-2.3384939621781813,2.3384939621781813,"Rp 95,000","Rp 92,778","Rp -2,222"
Z225,Tualang Dalam,4.91532,97.78519,2024,Pertanian,118000,118829.38492063497,TRAINING,829.3849206349696,829.3849206349696,0.7028685768092963,0.7028685768092963,"Rp 118,000","Rp 118,829",Rp 829
Z050,Kampung Blang,4.94808,97.77047,2024,Pemukiman,415000,411725.5433455433,TRAINING,-3274.456654456677,3274.456654456677,-0.7890256998690788,0.7890256998690788,"Rp 415,000","Rp 411,726","Rp -3,274"
Z092,Seuneubok Teungoh (SMK),4.92726,97.79034,2023,Pemukiman,370000,362696.3618326118,TRAINING,-7303.638167388213,7303.638167388213,-1.973956261456274,1.973956261456274,"Rp 370,000","Rp 362,696","Rp -7,304"
Z211,Seuneubok Teungoh (SMK),4.92726,97.79034,2025,Komersial,455000,455176.92821067816,TRAINING,176.92821067816112,176.92821067816112,0.03888532102816728,0.03888532102816728,"Rp 455,000","Rp 455,177",Rp 177
Z324,Seuneubok Teungoh (PR),4.88843,97.80519,2024,Pertanian,78000,81464.21031746033,TRAINING,3464.2103174603253,3464.2103174603253,4.441295278795289,4.441295278795289,"Rp 78,000","Rp 81,464","Rp 3,464"
Z307,Matang Rayeuk (PR),4.93219,97.79798,2025,Pertanian,168000,160225.29256854256,TRAINING,-7774.707431457442,7774.707431457442,-4.627802042534192,4.627802042534192,"Rp 168,000","Rp 160,225","Rp -7,775"
Z316,Meunasah Puuk,4.94269,97.76313,2025,Pertanian,87000,84877.99206349209,TRAINING,-2122.0079365079146,2122.0079365079146,-2.439089582193005,2.439089582193005,"Rp 87,000","Rp 84,878","Rp -2,122"
Z264,Buket Meulinteung,4.967052,97.730316,2024,Pemukiman,325000,328454.503968254,TRAINING,3454.5039682540228,3454.5039682540228,1.0629242979243148,1.0629242979243148,"Rp 325,000","Rp 328,455","Rp 3,455"
Z168,Kampung Jalan,4.96262,97.75781,2024,Pertanian,130000,132655.32323232322,TRAINING,2655.3232323232223,2655.3232323232223,2.0425563325563245,2.0425563325563245,"Rp 130,000","Rp 132,655","Rp 2,655"
Z409,Keude Aceh,4.95213,97.767995,2025,Pertanian,105000,104274.26587301587,TRAINING,-725.7341269841272,725.7341269841272,-0.6911753590325022,0.6911753590325022,"Rp 105,000","Rp 104,274",Rp -726
Z277,Gampong Jalan,4.96279,97.75944,2025,Pemukiman,305000,302551.4357864358,TRAINING,-2448.564213564212,2448.564213564212,-0.8028079388735121,0.8028079388735121,"Rp 305,000","Rp 302,551","Rp -2,449"
Z414,Lhok Asahan,4.91815,97.78819,2024,Pemukiman,225000,223967.3214285714,TRAINING,-1032.6785714286088,1032.6785714286088,-0.45896825396827057,0.45896825396827057,"Rp 225,000","Rp 223,967","Rp -1,033"
Z152,Dama Pulo,4.94688,97.75347,2023,Pemukiman,295000,294125.38419913425,TRAINING,-874.6158008657512,874.6158008657512,-0.29647993249686483,0.29647993249686483,"Rp 295,000","Rp 294,125",Rp -875
Z104,Titi Baro,4.93328,97.78364,2023,Pemukiman,355000,347210.16594516585,TRAINING,-7789.834054834151,7789.834054834151,-2.194319452065958,2.194319452065958,"Rp 355,000","Rp 347,210","Rp -7,790"
Z033,Buket Meulinteung,4.967052,97.730316,2025,Pemukiman,138000,143288.36904761902,TRAINING,5288.369047619024,5288.369047619024,3.8321514837819017,3.8321514837819017,"Rp 138,000","Rp 143,288","Rp 5,288"
Z027,Buket Juara,4.955677,97.754384,2025,Pertanian,155000,158439.07647907644,TRAINING,3439.076479076437,3439.076479076437,2.2187590187589916,2.2187590187589916,"Rp 155,000","Rp 158,439","Rp 3,439"
Z083,Meunasah Puuk,4.94269,97.76313,2024,Pemukiman,420000,417313.65662115655,TRAINING,-2686.3433788434486,2686.3433788434486,-0.6396055663912973,0.6396055663912973,"Rp 420,000","Rp 417,314","Rp -2,686"
Z139,Buket Jok,4.957622,97.727797,2025,Pertanian,152000,152310.05158730157,TRAINING,310.05158730156836,310.05158730156836,0.20398130743524232,0.20398130743524232,"Rp 152,000","Rp 152,310",Rp 310
Z007,Kampung Jawa,4.950312,97.77408,2023,Pertanian,285000,282621.8037518038,TRAINING,-2378.196248196182,2378.196248196182,-0.8344548239284849,0.8344548239284849,"Rp 285,000","Rp 282,622","Rp -2,378"
Z088,Seuneubok Rambong,4.94039,97.78733,2023,Pemukiman,340000,341298.08261183253,TRAINING,1298.082611832535,1298.082611832535,0.3817890034801573,0.3817890034801573,"Rp 340,000","Rp 341,298","Rp 1,298"
Z399,Kampung Jalan,4.96262,97.75781,2024,Pemukiman,365000,369496.19227994233,TRAINING,4496.192279942334,4496.192279942334,1.231833501354064,1.231833501354064,"Rp 365,000","Rp 369,496","Rp 4,496"
Z309,Matang Rayeuk (SMK),4.9215,97.81222,2024,Pertanian,95000,99931.02344877341,TRAINING,4931.023448773412,4931.023448773412,5.190550998708855,5.190550998708855,"Rp 95,000","Rp 99,931","Rp 4,931"
Z248,Alue Dua Muka S,4.975852,97.746353,2023,Komersial,425000,421061.8055555557,TRAINING,-3938.1944444443216,3938.1944444443216,-0.9266339869280757,0.9266339869280757,"Rp 425,000","Rp 421,062","Rp -3,938"
Z030,Buket Langa,4.96203,97.74058,2025,Pemukiman,375000,370071.09668109677,TRAINING,-4928.903318903234,4928.903318903234,-1.3143742183741958,1.3143742183741958,"Rp 375,000","Rp 370,071","Rp -4,929"
Z253,Bantayan Timur,4.939803,97.75776,2025,Pemukiman,385000,384514.0873015874,TRAINING,-485.9126984126051,485.9126984126051,-0.12621109049678053,0.12621109049678053,"Rp 385,000","Rp 384,514",Rp -486
Z249,Alue Dua Muka S,4.975852,97.746353,2024,Komersial,445000,436482.1031746033,TRAINING,-8517.896825396689,8517.896825396689,-1.9141341180666718,1.9141341180666718,"Rp 445,000","Rp 436,482","Rp -8,518"
Z230,Ulee Gle,4.89797,97.7936,2023,Pertanian,118000,118430.30555555556,TRAINING,430.305555555562,430.305555555562,0.3646657250470865,0.3646657250470865,"Rp 118,000","Rp 118,430",Rp 430
Z261,Buket Langa,4.96203,97.74058,2024,Pemukiman,310000,307548.0230880231,TRAINING,-2451.9769119768753,2451.9769119768753,-0.7909602941860888,0.7909602941860888,"Rp 310,000","Rp 307,548","Rp -2,452"
Z150,Buket Pala,4.953684,97.758295,2024,Komersial,480000,472252.702020202,TRAINING,-7747.297979797993,7747.297979797993,-1.6140204124579154,1.6140204124579154,"Rp 480,000","Rp 472,253","Rp -7,747"
Z365,Bantayan Timur,4.939803,97.75776,2023,Pertanian,215000,210006.2683150183,TRAINING,-4993.7316849817,4993.7316849817,-2.322665899991488,2.322665899991488,"Rp 215,000","Rp 210,006","Rp -4,994"
Z077,Matang Rayeuk (SMK),4.9215,97.81222,2024,Pemukiman,345000,345096.4087301588,TRAINING,96.40873015881516,96.40873015881516,0.027944559466323234,0.027944559466323234,"Rp 345,000","Rp 345,096",Rp 96
Z082,Meunasah Puuk,4.94269,97.76313,2023,Pertanian,108000,108292.1976911977,TRAINING,292.19769119769626,292.19769119769626,0.2705534177756447,0.2705534177756447,"Rp 108,000","Rp 108,292",Rp 292
Z296,Keutapang Mameh,4.965023,97.771706,2023,Pertanian,115000,116350.04761904762,TRAINING,1350.0476190476184,1350.0476190476184,1.173954451345755,1.173954451345755,"Rp 115,000","Rp 116,350","Rp 1,350"
Z383,Dama Pulo,4.94688,97.75347,2023,Pertanian,200000,191618.27009102015,TRAINING,-8381.729908979847,8381.729908979847,-4.190864954489924,4.190864954489924,"Rp 200,000","Rp 191,618","Rp -8,382"
Z121,Blang Geulumpang,4.955553,97.779802,2025,Pertanian,200000,189988.3928571429,TRAINING,-10011.607142857101,10011.607142857101,-5.005803571428551,5.005803571428551,"Rp 200,000","Rp 189,988","Rp -10,012"
Z023,Buket Jok,4.957622,97.727797,2024,Pertanian,165000,170752.5670995671,TRAINING,5752.567099567095,5752.567099567095,3.4864043027679363,3.4864043027679363,"Rp 165,000","Rp 170,753","Rp 5,753"
Z097,Seuneubok Tutong,4.938,97.7527,2025,Pemukiman,295000,299673.69047619036,TRAINING,4673.690476190357,4673.690476190357,1.5843018563357143,1.5843018563357143,"Rp 295,000","Rp 299,674","Rp 4,674"
Z432,Seuneubok Bacee,4.935716,97.781945,2024,Pertanian,158000,154719.36904761905,TRAINING,-3280.630952380947,3280.630952380947,-2.076348704038574,2.076348704038574,"Rp 158,000","Rp 154,719","Rp -3,281"
Z390,Gampong Jalan,4.96279,97.75944,2024,Pertanian,135000,137704.46428571426,TRAINING,2704.4642857142608,2704.4642857142608,2.0033068783068595,2.0033068783068595,"Rp 135,000","Rp 137,704","Rp 2,704"
Z090,Seuneubok Teungoh (PR),4.88843,97.80519,2024,Pertanian,148000,157923.34126984124,TRAINING,9923.341269841243,9923.341269841243,6.7049603174603,6.7049603174603,"Rp 148,000","Rp 157,923","Rp 9,923"
Z289,Kampung Tanjong,4.95043,97.77991,2025,Pemukiman,355000,356298.9087301588,TRAINING,1298.9087301588152,1298.9087301588152,0.3658897831433282,0.3658897831433282,"Rp 355,000","Rp 356,299","Rp 1,299"
Z008,Kampung Jawa,4.950312,97.77408,2024,Pertanian,265000,259679.9847374848,TRAINING,-5320.015262515197,5320.015262515197,-2.007552929251018,2.007552929251018,"Rp 265,000","Rp 259,680","Rp -5,320"
Z387,Gampong Aceh,4.94902,97.76716,2024,Pemukiman,315000,315939.1071428571,TRAINING,939.1071428571013,939.1071428571013,0.29812925170066706,0.29812925170066706,"Rp 315,000","Rp 315,939",Rp 939
Z302,Matang Bungong,4.92757,97.80742,2023,Pemukiman,115000,117724.52777777777,TRAINING,2724.5277777777665,2724.5277777777665,2.3691545893719708,2.3691545893719708,"Rp 115,000","Rp 117,725","Rp 2,725"
Z420,Matang Rayeuk (PR),4.93219,97.79798,2024,Pertanian,102000,102239.87662337662,TRAINING,239.87662337662186,239.87662337662186,0.2351731601731587,0.2351731601731587,"Rp 102,000","Rp 102,240",Rp 240
Z005,Blang Geulumpang,4.955553,97.779802,2024,Pemukiman,380000,396929.1468253969,TRAINING,16929.14682539692,16929.14682539692,4.455038638262348,4.455038638262348,"Rp 380,000","Rp 396,929","Rp 16,929"
Z312,Meunasah Jeumpa,4.92158,97.78055,2024,Pemukiman,310000,309611.3167388167,TRAINING,-388.68326118332334,388.68326118332334,-0.12538169715591074,0.12538169715591074,"Rp 310,000","Rp 309,611",Rp -389
Z227,Ulee Blang,4.97331,97.76081,2023,Pemukiman,340000,339274.66269841266,TRAINING,-725.3373015873367,725.3373015873367,-0.21333450046686375,0.21333450046686375,"Rp 340,000","Rp 339,275",Rp -725
Z245,Alue Dua Muka O,4.976455,97.749566,2023,Pertanian,93000,93332.60028860031,TRAINING,332.6002886003116,332.6002886003116,0.35763471892506626,0.35763471892506626,"Rp 93,000","Rp 93,333",Rp 333
Z188,Matang Rayeuk (PR),4.93219,97.79798,2023,Pemukiman,405000,413343.0357142858,TRAINING,8343.035714285797,8343.035714285797,2.060008818342172,2.060008818342172,"Rp 405,000","Rp 413,343","Rp 8,343"
Z124,Kampung Jawa,4.950312,97.77408,2025,Pemukiman,355000,358505.54834054835,TRAINING,3505.5483405483537,3505.5483405483537,0.9874784057882686,0.9874784057882686,"Rp 355,000","Rp 358,506","Rp 3,506"
Z290,Ketapang Dua,4.92212,97.79712,2023,Pemukiman,375000,373593.5335497836,TRAINING,-1406.4664502164233,1406.4664502164233,-0.3750577200577129,0.3750577200577129,"Rp 375,000","Rp 373,594","Rp -1,406"
Z448,Tanjong Kapai,4.965897,97.762578,2025,Pertanian,89000,91574.2658730159,TRAINING,2574.265873015902,2574.265873015902,2.8924335651864066,2.8924335651864066,"Rp 89,000","Rp 91,574","Rp 2,574"
Z095,Seuneubok Tutong,4.9136,97.7271,2023,Pemukiman,182000,188508.3174603174,TRAINING,6508.3174603173975,6508.3174603173975,3.5759986045699987,3.5759986045699987,"Rp 182,000","Rp 188,508","Rp 6,508"
Z036,Buket Pala,4.953684,97.758295,2025,Pemukiman,295000,294179.484126984,TRAINING,-820.5158730159746,820.5158730159746,-0.2781409739037202,0.2781409739037202,"Rp 295,000","Rp 294,179",Rp -821
Z191,Matang Rayeuk (SMK),4.9215,97.81222,2023,Pertanian,165000,155915.40764790768,TRAINING,-9084.592352092324,9084.592352092324,-5.505813546722621,5.505813546722621,"Rp 165,000","Rp 155,915","Rp -9,085"
Z107,Tualang Dalam,4.91532,97.78519,2023,Pertanian,162000,166875.82539682538,TRAINING,4875.825396825385,4875.825396825385,3.0097687634724597,3.0097687634724597,"Rp 162,000","Rp 166,876","Rp 4,876"
Z157,Gampong Aceh,4.94902,97.76716,2025,Pertanian,175000,172011.56349206352,TRAINING,-2988.4365079364798,2988.4365079364798,-1.7076780045351312,1.7076780045351312,"Rp 175,000","Rp 172,012","Rp -2,988"
Z259,Buket Juara,4.955677,97.754384,2025,Pertanian,128000,129336.89682539683,TRAINING,1336.8968253968342,1336.8968253968342,1.0444506448412767,1.0444506448412767,"Rp 128,000","Rp 129,337","Rp 1,337"
Z071,Matang Bungong,4.92757,97.80742,2024,Pemukiman,320000,317922.24206349207,TRAINING,-2077.757936507929,2077.757936507929,-0.6492993551587278,0.6492993551587278,"Rp 320,000","Rp 317,922","Rp -2,078"
Z308,Matang Rayeuk (SMK),4.9215,97.81222,2023,Pemukiman,102000,108175.61904761902,TRAINING,6175.619047619024,6175.619047619024,6.0545284780578665,6.0545284780578665,"Rp 102,000","Rp 108,176","Rp 6,176"
Z444,Seuneubok Tutong,4.9192,97.7339,2024,Pertanian,152000,155217.37301587305,TRAINING,3217.373015873047,3217.373015873047,2.1166927736006884,2.1166927736006884,"Rp 152,000","Rp 155,217","Rp 3,217"
Z173,Ketapang Dua,4.92212,97.79712,2023,Pertanian,220000,223822.8571428571,TRAINING,3822.8571428571013,3822.8571428571013,1.7376623376623188,1.7376623376623188,"Rp 220,000","Rp 223,823","Rp 3,823"
Z028,Buket Langa,4.96203,97.74058,2023,Pertanian,135000,134153.53571428568,TRAINING,-846.464285714319,846.464285714319,-0.6270105820106067,0.6270105820106067,"Rp 135,000","Rp 134,154",Rp -846
Z269,Dama Pulo,4.94688,97.75347,2023,Pemukiman,142000,140219.74999999997,TRAINING,-1780.250000000029,1780.250000000029,-1.2536971830986121,1.2536971830986121,"Rp 142,000","Rp 140,220","Rp -1,780"
Z224,Tualang Dalam,4.91532,97.78519,2023,Pemukiman,320000,319917.5396825397,TRAINING,-82.46031746029621,82.46031746029621,-0.025768849206342564,0.025768849206342564,"Rp 320,000","Rp 319,918",Rp -82
Z440,Seuneubok Teungoh (SMK),4.92726,97.79034,2023,Pemukiman,115000,115669.70634920633,TRAINING,669.7063492063317,669.7063492063317,0.5823533471359406,0.5823533471359406,"Rp 115,000","Rp 115,670",Rp 670
Z035,Buket Pala,4.953684,97.758295,2024,Pemukiman,205000,216067.88419913422,TRAINING,11067.88419913422,11067.88419913422,5.398967902016692,5.398967902016692,"Rp 205,000","Rp 216,068","Rp 11,068"
Z393,Gureb Blang,4.95253,97.74776,2024,Pemukiman,385000,391749.3452380952,TRAINING,6749.345238095208,6749.345238095208,1.7530766852195345,1.7530766852195345,"Rp 385,000","Rp 391,749","Rp 6,749"
Z378,Buket Meulinteung,4.967052,97.730316,2024,Pemukiman,142000,143663.4945887446,TRAINING,1663.4945887445938,1663.4945887445938,1.171475062496193,1.171475062496193,"Rp 142,000","Rp 143,663","Rp 1,663"
Z058,Ketapang Dua,4.92212,97.79712,2023,Pemukiman,285000,280614.28266178264,TRAINING,-4385.717338217364,4385.717338217364,-1.538848188848198,1.538848188848198,"Rp 285,000","Rp 280,614","Rp -4,386"
Z250,Alue Dua Muka S,4.975852,97.746353,2025,Pemukiman,240000,245580.07936507938,TRAINING,5580.0793650793785,5580.0793650793785,2.3250330687830743,2.3250330687830743,"Rp 240,000","Rp 245,580","Rp 5,580"
Z096,Seuneubok Tutong,4.9125,97.726,2024,Pemukiman,195000,186031.5039682539,TRAINING,-8968.496031746094,8968.496031746094,-4.599228734228766,4.599228734228766,"Rp 195,000","Rp 186,032","Rp -8,968"
Z265,Buket Meulinteung,4.967052,97.730316,2025,Pemukiman,345000,341024.5436507937,TRAINING,-3975.4563492062734,3975.4563492062734,-1.1523061881757315,1.1523061881757315,"Rp 345,000","Rp 341,025","Rp -3,975"
Z355,Blang Geulumpang,4.955553,97.779802,2025,Pertanian,98000,101372.39393939395,TRAINING,3372.393939393951,3372.393939393951,3.441218305504031,3.441218305504031,"Rp 98,000","Rp 101,372","Rp 3,372"
Z292,Ketapang Dua,4.92212,97.79712,2025,Pertanian,175000,171016.6911976912,TRAINING,-3983.3088023088058,3983.3088023088058,-2.276176458462175,2.276176458462175,"Rp 175,000","Rp 171,017","Rp -3,983"
Z181,Keutapang Mameh,4.965023,97.771706,2025,Pertanian,148000,162061.36507936503,TRAINING,14061.36507936503,14061.36507936503,9.500922350922318,9.500922350922318,"Rp 148,000","Rp 162,061","Rp 14,061"
Z078,Matang Rayeuk (SMK),4.9215,97.81222,2025,Pemukiman,365000,364854.50937950937,TRAINING,-145.49062049062923,145.49062049062923,-0.0398604439700354,0.0398604439700354,"Rp 365,000","Rp 364,855",Rp -145
Z329,Seuneubok Tutong,4.9604,97.7795,2023,Pertanian,88000,84189.38888888892,TRAINING,-3810.6111111110804,3810.6111111110804,-4.3302398989898645,4.3302398989898645,"Rp 88,000","Rp 84,189","Rp -3,811"
Z110,Ulee Blang,4.97331,97.76081,2023,Pemukiman,435000,422459.01556776563,TRAINING,-12540.98443223437,12540.98443223437,-2.88298492695043,2.88298492695043,"Rp 435,000","Rp 422,459","Rp -12,541"
Z075,Matang Rayeuk (PR),4.93219,97.79798,2025,Pertanian,160000,160890.25108225105,TRAINING,890.2510822510521,890.2510822510521,0.5564069264069076,0.5564069264069076,"Rp 160,000","Rp 160,890",Rp 890
Z210,Seuneubok Teungoh (SMK),4.92726,97.79034,2024,Pemukiman,410000,413596.77170052164,TRAINING,3596.77170052164,3596.77170052164,0.8772613903711318,0.8772613903711318,"Rp 410,000","Rp 413,597","Rp 3,597"
Z062,Keude Aceh,4.95213,97.767995,2024,Pertanian,180000,178163.90079365083,TRAINING,-1836.0992063491722,1836.0992063491722,-1.0200551146384291,1.0200551146384291,"Rp 180,000","Rp 178,164","Rp -1,836"
Z117,Keude Blang,5.018745,97.642446,2024,Pemukiman,425000,430659.4047619047,TRAINING,5659.404761904676,5659.404761904676,1.3316246498599238,1.3316246498599238,"Rp 425,000","Rp 430,659","Rp 5,659"
Z413,Lhok Asahan,4.91815,97.78819,2023,Pemukiman,142000,140185.41666666663,TRAINING,-1814.5833333333721,1814.5833333333721,-1.2778755868544873,1.2778755868544873,"Rp 142,000","Rp 140,185","Rp -1,815"
Z352,Keude Blang,5.018745,97.642446,2025,Pemukiman,345000,348239.4841269842,TRAINING,3239.4841269842,3239.4841269842,0.9389809063722319,0.9389809063722319,"Rp 345,000","Rp 348,239","Rp 3,239"
Z059,Ketapang Dua,4.92212,97.79712,2024,Pertanian,200000,205044.70562770567,TRAINING,5044.705627705669,5044.705627705669,2.522352813852834,2.522352813852834,"Rp 200,000","Rp 205,045","Rp 5,045"
Z332,Tanjong Kapai,4.965897,97.762578,2023,Pemukiman,195000,190925.94336219341,TRAINING,-4074.056637806585,4074.056637806585,-2.0892598142597874,2.0892598142597874,"Rp 195,000","Rp 190,926","Rp -4,074"
Z066,Keutapang Mameh,4.965023,97.771706,2025,Pertanian,150000,157078.64935064933,TRAINING,7078.649350649328,7078.649350649328,4.719099567099552,4.719099567099552,"Rp 150,000","Rp 157,079","Rp 7,079"
Z118,Keude Blang,5.018745,97.642446,2025,Pertanian,240000,244983.3603896104,TRAINING,4983.360389610403,4983.360389610403,2.076400162337668,2.076400162337668,"Rp 240,000","Rp 244,983","Rp 4,983"
Z358,Kampung Jawa,4.950312,97.77408,2025,Pertanian,88000,170884.13492063488,TRAINING,82884.13492063488,82884.13492063488,94.18651695526691,94.18651695526691,"Rp 88,000","Rp 170,884","Rp 82,884"
Z042,Gampong Aceh,4.94902,97.76716,2025,Pertanian,155000,157499.44552669552,TRAINING,2499.445526695519,2499.445526695519,1.6125455010938834,1.6125455010938834,"Rp 155,000","Rp 157,499","Rp 2,499"
Z318,Seuneubok Bacee,4.935716,97.781945,2024,Pemukiman,205000,186536.88095238095,TRAINING,-18463.119047619053,18463.119047619053,-9.00639953542393,9.00639953542393,"Rp 205,000","Rp 186,537","Rp -18,463"
Z370,Buket Jok,4.957622,97.727797,2025,Pemukiman,305000,305969.05483405484,TRAINING,969.0548340548412,969.0548340548412,0.31772289641142337,0.31772289641142337,"Rp 305,000","Rp 305,969",Rp 969
Z310,Matang Rayeuk (SMK),4.9215,97.81222,2025,Pertanian,89000,94266.0873015873,TRAINING,5266.087301587293,5266.087301587293,5.9169520242553855,5.9169520242553855,"Rp 89,000","Rp 94,266","Rp 5,266"
Z084,Meunasah Puuk,4.94269,97.76313,2025,Pemukiman,405000,410690.52170052164,TRAINING,5690.52170052164,5690.52170052164,1.405067086548553,1.405067086548553,"Rp 405,000","Rp 410,691","Rp 5,691"
Z203,Seuneubok Rambong,4.94039,97.78733,2023,Pemukiman,325000,321720.6746031746,TRAINING,-3279.325396825385,3279.325396825385,-1.0090231990231953,1.0090231990231953,"Rp 325,000","Rp 321,721","Rp -3,279"
Z032,Buket Meulinteung,4.967052,97.730316,2024,Pertanian,130000,130346.81746031746,TRAINING,346.8174603174557,346.8174603174557,0.26678266178265825,0.26678266178265825,"Rp 130,000","Rp 130,347",Rp 347
Z214,Seuneubok Tutong,4.9337,97.7472,2025,Pemukiman,275000,269836.42857142864,TRAINING,-5163.571428571362,5163.571428571362,-1.8776623376623134,1.8776623376623134,"Rp 275,000","Rp 269,836","Rp -5,164"
Z018,Alue Dua Muka S,4.975852,97.746353,2025,Pertanian,185000,189289.24206349204,TRAINING,4289.242063492042,4289.242063492042,2.3185092235092117,2.3185092235092117,"Rp 185,000","Rp 189,289","Rp 4,289"
Z111,Ulee Blang,4.97331,97.76081,2024,Pemukiman,415000,417255.42429792427,TRAINING,2255.42429792427,2255.42429792427,0.5434757344395832,0.5434757344395832,"Rp 415,000","Rp 417,255","Rp 2,255"
Z232,Ulee Gle,4.89797,97.7936,2025,Pemukiman,155000,149485.2738095238,TRAINING,-5514.726190476213,5514.726190476213,-3.5578878648233627,3.5578878648233627,"Rp 155,000","Rp 149,485","Rp -5,515"
Z373,Buket Juara,4.955677,97.754384,2025,Pertanian,132000,122658.18253968256,TRAINING,-9341.817460317441,9341.817460317441,-7.077134439634425,7.077134439634425,"Rp 132,000","Rp 122,658","Rp -9,342"
Z297,Keutapang Mameh,4.965023,97.771706,2024,Pemukiman,285000,290079.44444444444,TRAINING,5079.444444444438,5079.444444444438,1.7822612085769958,1.7822612085769958,"Rp 285,000","Rp 290,079","Rp 5,079"
Z169,Kampung Jalan,4.96262,97.75781,2025,Pemukiman,168000,172674.21209346212,TRAINING,4674.21209346212,4674.21209346212,2.7822691032512616,2.7822691032512616,"Rp 168,000","Rp 172,674","Rp 4,674"
Z120,Blang Geulumpang,4.955553,97.779802,2024,Pertanian,185000,181943.71825396825,TRAINING,-3056.2817460317456,3056.2817460317456,-1.6520441870441869,1.6520441870441869,"Rp 185,000","Rp 181,944","Rp -3,056"
Z218,Teupin Batee,4.96757,97.74699,2023,Pertanian,215000,208120.76037851034,TRAINING,-6879.239621489658,6879.239621489658,-3.199646335576585,3.199646335576585,"Rp 215,000","Rp 208,121","Rp -6,879"
Z276,Gampong Jalan,4.96279,97.75944,2024,Pertanian,102000,104115.01190476188,TRAINING,2115.011904761879,2115.011904761879,2.0735410830998813,2.0735410830998813,"Rp 102,000","Rp 104,115","Rp 2,115"
Z429,Meunasah Puuk,4.94269,97.76313,2024,Komersial,415000,410428.59126984124,TRAINING,-4571.408730158757,4571.408730158757,-1.1015442723274114,1.1015442723274114,"Rp 415,000","Rp 410,429","Rp -4,571"
Z180,Keutapang Mameh,4.965023,97.771706,2024,Pertanian,108000,103468.2424242424,TRAINING,-4531.757575757598,4531.757575757598,-4.1960718294051835,4.1960718294051835,"Rp 108,000","Rp 103,468","Rp -4,532"
Z089,Seuneubok Teungoh (PR),4.88843,97.80519,2023,Pertanian,138000,140934.71031746033,TRAINING,2934.7103174603253,2934.7103174603253,2.126601679319076,2.126601679319076,"Rp 138,000","Rp 140,935","Rp 2,935"
Z209,Seuneubok Teungoh (SMK),4.92726,97.79034,2023,Pemukiman,395000,399895.0595238095,TRAINING,4895.059523809527,4895.059523809527,1.2392555756479815,1.2392555756479815,"Rp 395,000","Rp 399,895","Rp 4,895"
Z177,Keude Aceh,4.95213,97.767995,2024,Pertanian,132000,134368.12554112554,TRAINING,2368.1255411255406,2368.1255411255406,1.7940345008526821,1.7940345008526821,"Rp 132,000","Rp 134,368","Rp 2,368"
Z057,Kampung Tanjong,4.95043,97.77991,2025,Pertanian,270000,265550.5357142858,TRAINING,-4449.464285714203,4449.464285714203,-1.6479497354497046,1.6479497354497046,"Rp 270,000","Rp 265,551","Rp -4,449"
Z060,Ketapang Dua,4.92212,97.79712,2025,Pertanian,210000,205126.53896103895,TRAINING,-4873.461038961046,4873.461038961046,-2.3206957328385935,2.3206957328385935,"Rp 210,000","Rp 205,127","Rp -4,873"
Z098,Tanjong Kapai,4.965897,97.762578,2023,Pemukiman,310000,322693.8564213564,TRAINING,12693.85642135638,12693.85642135638,4.094792393985929,4.094792393985929,"Rp 310,000","Rp 322,694","Rp 12,694"
Z178,Keude Aceh,4.95213,97.767995,2025,Pemukiman,335000,333916.9047619048,TRAINING,-1083.0952380952076,1083.0952380952076,-0.32331201137170373,0.32331201137170373,"Rp 335,000","Rp 333,917","Rp -1,083"
Z085,Seuneubok Bacee,4.935716,97.781945,2023,Pemukiman,315000,321788.8474025974,TRAINING,6788.847402597428,6788.847402597428,2.1551896516182314,2.1551896516182314,"Rp 315,000","Rp 321,789","Rp 6,789"
Z268,Buket Pala,4.953684,97.758295,2025,Pemukiman,128000,129384.63095238093,TRAINING,1384.6309523809323,1384.6309523809323,1.0817429315476035,1.0817429315476035,"Rp 128,000","Rp 129,385","Rp 1,385"
Z115,Ulee Gle,4.89797,97.7936,2025,Pemukiman,305000,312236.34740259737,TRAINING,7236.34740259737,7236.34740259737,2.3725729188843836,2.3725729188843836,"Rp 305,000","Rp 312,236","Rp 7,236"
Z242,Tanoh Anou,4.943832,97.777176,2023,Pertanian,102000,97133.34523809524,TRAINING,-4866.654761904763,4866.654761904763,-4.77123015873016,4.77123015873016,"Rp 102,000","Rp 97,133","Rp -4,867"
Z196,Meunasah Jeumpa,4.92158,97.78055,2025,Pemukiman,335000,334813.63095238095,TRAINING,-186.36904761905316,186.36904761905316,-0.055632551528075565,0.055632551528075565,"Rp 335,000","Rp 334,814",Rp -186
Z158,Gampong Jalan,4.96279,97.75944,2023,Pertanian,190000,178541.7993950494,TRAINING,-11458.200604950602,11458.200604950602,-6.030631897342422,6.030631897342422,"Rp 190,000","Rp 178,542","Rp -11,458"
Z091,Seuneubok Teungoh (PR),4.88843,97.80519,2025,Pemukiman,385000,374238.12049062044,TRAINING,-10761.879509379563,10761.879509379563,-2.795293379059627,2.795293379059627,"Rp 385,000","Rp 374,238","Rp -10,762"
Z287,Kampung Tanjong,4.95043,97.77991,2023,Pemukiman,225000,229726.3412698413,TRAINING,4726.341269841301,4726.341269841301,2.100596119929467,2.100596119929467,"Rp 225,000","Rp 229,726","Rp 4,726"
Z126,Tanoh Anou,4.943832,97.777176,2024,Pertanian,142000,144828.5793650794,TRAINING,2828.5793650794076,2828.5793650794076,1.9919572993516956,1.9919572993516956,"Rp 142,000","Rp 144,829","Rp 2,829"
Z299,Lhok Asahan,4.91815,97.78819,2023,Pemukiman,335000,328950.5952380953,TRAINING,-6049.404761904676,6049.404761904676,-1.8057924662402018,1.8057924662402018,"Rp 335,000","Rp 328,951","Rp -6,049"
Z417,Matang Bungong,4.92757,97.80742,2024,Pertanian,182000,179700.6330891331,TRAINING,-2299.3669108668983,2299.3669108668983,-1.2633884125642298,1.2633884125642298,"Rp 182,000","Rp 179,701","Rp -2,299"
Z381,Buket Pala,4.953684,97.758295,2024,Pemukiman,255000,248509.9278499278,TRAINING,-6490.072150072199,6490.072150072199,-2.545126333361647,2.545126333361647,"Rp 255,000","Rp 248,510","Rp -6,490"
Z020,Bantayan Timur,4.939803,97.75776,2024,Pemukiman,385000,395537.79761904763,TRAINING,10537.797619047633,10537.797619047633,2.737090290661723,2.737090290661723,"Rp 385,000","Rp 395,538","Rp 10,538"
Z119,Blang Geulumpang,4.955553,97.779802,2023,Pertanian,260000,252162.86435786437,TRAINING,-7837.135642135632,7837.135642135632,-3.0142829392829356,3.0142829392829356,"Rp 260,000","Rp 252,163","Rp -7,837"
Z037,Dama Pulo,4.94688,97.75347,2023,Pemukiman,315000,313879.6825396825,TRAINING,-1120.317460317514,1120.317460317514,-0.3556563366087346,0.3556563366087346,"Rp 315,000","Rp 313,880","Rp -1,120"
Z146,Buket Meulinteung,4.967052,97.730316,2023,Pertanian,102000,101134.28896103892,TRAINING,-865.7110389610752,865.7110389610752,-0.8487363127069365,0.8487363127069365,"Rp 102,000","Rp 101,134",Rp -866
Z369,Buket Jok,4.957622,97.727797,2024,Pertanian,142000,145035.71031746033,TRAINING,3035.7103174603253,3035.7103174603253,2.137824167225581,2.137824167225581,"Rp 142,000","Rp 145,036","Rp 3,036"
Z452,Titi Baro,4.93328,97.78364,2023,Pertanian,118000,121795.5,TRAINING,3795.5,3795.5,3.2165254237288137,3.2165254237288137,"Rp 118,000","Rp 121,796","Rp 3,796"
Z009,Kampung Jawa,4.950312,97.77408,2025,Pertanian,245000,251978.31349206343,TRAINING,6978.313492063433,6978.313492063433,2.848291221250381,2.848291221250381,"Rp 245,000","Rp 251,978","Rp 6,978"
Z012,Tanoh Anou,4.943832,97.777176,2025,Pemukiman,410000,406925.3751803752,TRAINING,-3074.62481962482,3074.62481962482,-0.7499084925914195,0.7499084925914195,"Rp 410,000","Rp 406,925","Rp -3,075"
Z291,Ketapang Dua,4.92212,97.79712,2024,Pertanian,158000,152829.17965367966,TRAINING,-5170.820346320339,5170.820346320339,-3.2726711052660376,3.2726711052660376,"Rp 158,000","Rp 152,829","Rp -5,171"
Z076,Matang Rayeuk (SMK),4.9215,97.81222,2023,Pertanian,148000,153686.46825396825,TRAINING,5686.468253968254,5686.468253968254,3.84220827970828,3.84220827970828,"Rp 148,000","Rp 153,686","Rp 5,686"
Z049,Kampung Blang,4.94808,97.77047,2023,Pemukiman,395000,403797.3015873017,TRAINING,8797.301587301714,8797.301587301714,2.2271649588105604,2.2271649588105604,"Rp 395,000","Rp 403,797","Rp 8,797"
Z186,Matang Bungong,4.92757,97.80742,2024,Pemukiman,285000,281605.615079365,TRAINING,-3394.384920635028,3394.384920635028,-1.1910122528543958,1.1910122528543958,"Rp 285,000","Rp 281,606","Rp -3,394"
Z400,Kampung Jalan,4.96262,97.75781,2025,Pemukiman,385000,385114.8214285715,TRAINING,114.82142857147846,114.82142857147846,0.029823747680903498,0.029823747680903498,"Rp 385,000","Rp 385,115",Rp 115
Z160,Gampong Jalan,4.96279,97.75944,2025,Pertanian,162000,174422.4563492064,TRAINING,12422.45634920639,12422.45634920639,7.668182931608883,7.668182931608883,"Rp 162,000","Rp 174,422","Rp 12,422"
Z375,Buket Langa,4.96203,97.74058,2024,Pemukiman,355000,349592.24206349207,TRAINING,-5407.757936507929,5407.757936507929,-1.523312094790966,1.523312094790966,"Rp 355,000","Rp 349,592","Rp -5,408"
Z272,Gampong Aceh,4.94902,97.76716,2023,Pertanian,168000,171604.7813852814,TRAINING,3604.7813852814143,3604.7813852814143,2.145703205524651,2.145703205524651,"Rp 168,000","Rp 171,605","Rp 3,605"
Z394,Gureb Blang,4.95253,97.74776,2025,Pemukiman,400000,398961.7063492064,TRAINING,-1038.2936507936101,1038.2936507936101,-0.25957341269840256,0.25957341269840256,"Rp 400,000","Rp 398,962","Rp -1,038"
Z396,Kampung Blang,4.94808,97.77047,2024,Komersial,445000,438247.7976190477,TRAINING,-6752.202380952309,6752.202380952309,-1.5173488496522043,1.5173488496522043,"Rp 445,000","Rp 438,248","Rp -6,752"
Z011,Tanoh Anou,4.943832,97.777176,2024,Pemukiman,435000,430144.5815295816,TRAINING,-4855.418470418372,4855.418470418372,-1.116188154119166,1.116188154119166,"Rp 435,000","Rp 430,145","Rp -4,855"
Z426,Meunasah Jeumpa,4.92158,97.78055,2024,Pertanian,90000,89389.70454545453,TRAINING,-610.2954545454704,610.2954545454704,-0.6781060606060783,0.6781060606060783,"Rp 90,000","Rp 89,390",Rp -610
Z295,Keude Aceh,4.95213,97.767995,2025,Pertanian,98000,104635.86111111112,TRAINING,6635.861111111124,6635.861111111124,6.771286848072576,6.771286848072576,"Rp 98,000","Rp 104,636","Rp 6,636"
Z016,Alue Dua Muka S,4.975852,97.746353,2023,Pertanian,220000,223368.6937229437,TRAINING,3368.693722943688,3368.693722943688,1.5312244195198583,1.5312244195198583,"Rp 220,000","Rp 223,369","Rp 3,369"
Z198,Meunasah Puuk,4.94269,97.76313,2024,Pertanian,142000,136182.42857142855,TRAINING,-5817.571428571449,5817.571428571449,-4.096881287726372,4.096881287726372,"Rp 142,000","Rp 136,182","Rp -5,818"
Z199,Meunasah Puuk,4.94269,97.76313,2025,Pemukiman,350000,348588.07539682544,TRAINING,-1411.924603174557,1411.924603174557,-0.40340702947844487,0.40340702947844487,"Rp 350,000","Rp 348,588","Rp -1,412"
Z194,Meunasah Jeumpa,4.92158,97.78055,2023,Pertanian,152000,177590.17063492062,TRAINING,25590.17063492062,25590.17063492062,16.83563857560567,16.83563857560567,"Rp 152,000","Rp 177,590","Rp 25,590"
Z408,Keude Aceh,4.95213,97.767995,2024,Pemukiman,310000,309453.5588023088,TRAINING,-546.4411976911942,546.4411976911942,-0.17627135409393363,0.17627135409393363,"Rp 310,000","Rp 309,454",Rp -546
Z184,Lhok Asahan,4.91815,97.78819,2025,Komersial,460000,460036.3924963924,TRAINING,36.39249639242189,36.39249639242189,0.00791141225922215,0.00791141225922215,"Rp 460,000","Rp 460,036",Rp 36
Z240,Kampung Jawa,4.950312,97.77408,2024,Pemukiman,315000,315869.3849206349,TRAINING,869.3849206349114,869.3849206349114,0.27599521289997186,0.27599521289997186,"Rp 315,000","Rp 315,869",Rp 869
Z026,Buket Juara,4.955677,97.754384,2024,Pertanian,145000,143721.847041847,TRAINING,-1278.1529581529903,1278.1529581529903,-0.8814847987262002,0.8814847987262002,"Rp 145,000","Rp 143,722","Rp -1,278"
Z422,Matang Rayeuk (SMK),4.9215,97.81222,2023,Pemukiman,320000,318230.35714285716,TRAINING,-1769.6428571428405,1769.6428571428405,-0.5530133928571377,0.5530133928571377,"Rp 320,000","Rp 318,230","Rp -1,770"
Z339,Titi Baro,4.93328,97.78364,2024,Pemukiman,285000,288030.21020646015,TRAINING,3030.2102064601495,3030.2102064601495,1.0632316513895261,1.0632316513895261,"Rp 285,000","Rp 288,030","Rp 3,030"
Z056,Kampung Tanjong,4.95043,97.77991,2024,Pemukiman,415000,415044.78937728924,TRAINING,44.78937728924211,44.78937728924211,0.010792621033552316,0.010792621033552316,"Rp 415,000","Rp 415,045",Rp 45
Z239,Kampung Jawa,4.950312,97.77408,2023,Pertanian,115000,117885.96825396824,TRAINING,2885.96825396824,2885.96825396824,2.509537612146296,2.509537612146296,"Rp 115,000","Rp 117,886","Rp 2,886"
Z046,Gureb Blang,4.95253,97.74776,2023,Pertanian,175000,178939.2857142857,TRAINING,3939.28571428571,3939.28571428571,2.251020408163263,2.251020408163263,"Rp 175,000","Rp 178,939","Rp 3,939"
Z149,Buket Pala,4.953684,97.758295,2023,Komersial,465000,471736.33297258295,TRAINING,6736.3329725829535,6736.3329725829535,1.4486737575447213,1.4486737575447213,"Rp 465,000","Rp 471,736","Rp 6,736"
Z207,Seuneubok Teungoh (PR),4.88843,97.80519,2024,Pertanian,89000,93245.00000000001,TRAINING,4245.000000000015,4245.000000000015,4.769662921348331,4.769662921348331,"Rp 89,000","Rp 93,245","Rp 4,245"
Z262,Buket Langa,4.96203,97.74058,2025,Pertanian,105000,106610.01190476191,TRAINING,1610.0119047619082,1610.0119047619082,1.5333446712018175,1.5333446712018175,"Rp 105,000","Rp 106,610","Rp 1,610"
Z162,Gureb Blang,4.95253,97.74776,2024,Pemukiman,345000,346713.5119047618,TRAINING,1713.5119047617773,1713.5119047617773,0.49667011732225425,0.49667011732225425,"Rp 345,000","Rp 346,714","Rp 1,714"
Z427,Meunasah Jeumpa,4.92158,97.78055,2025,Pemukiman,375000,383600.5555555557,TRAINING,8600.555555555678,8600.555555555678,2.2934814814815145,2.2934814814815145,"Rp 375,000","Rp 383,601","Rp 8,601"
Z031,Buket Meulinteung,4.967052,97.730316,2023,Pertanian,125000,123063.03571428572,TRAINING,-1936.9642857142753,1936.9642857142753,-1.5495714285714204,1.5495714285714204,"Rp 125,000","Rp 123,063","Rp -1,937"
Z166,Kampung Blang,4.94808,97.77047,2025,Pemukiman,360000,353681.103896104,TRAINING,-6318.896103896026,6318.896103896026,-1.7552489177488961,1.7552489177488961,"Rp 360,000","Rp 353,681","Rp -6,319"
Z351,Keude Blang,5.018745,97.642446,2024,Pemukiman,325000,348692.26190476195,TRAINING,23692.261904761952,23692.261904761952,7.289926739926754,7.289926739926754,"Rp 325,000","Rp 348,692","Rp 23,692"
Z201,Seuneubok Bacee,4.935716,97.781945,2024,Pemukiman,168000,159660.24999999997,TRAINING,-8339.75000000003,8339.75000000003,-4.964136904761922,4.964136904761922,"Rp 168,000","Rp 159,660","Rp -8,340"
Z336,Teupin Batee,4.96757,97.74699,2024,Pemukiman,88000,94554.12265512263,TRAINING,6554.122655122628,6554.122655122628,7.447866653548441,7.447866653548441,"Rp 88,000","Rp 94,554","Rp 6,554"
Z366,Bantayan Timur,4.939803,97.75776,2024,Pertanian,152000,145268.6479076479,TRAINING,-6731.352092352114,6731.352092352114,-4.428521113389548,4.428521113389548,"Rp 152,000","Rp 145,269","Rp -6,731"
Z412,Keutapang Mameh,4.965023,97.771706,2025,Pemukiman,345000,340883.8293650794,TRAINING,-4116.170634920592,4116.170634920592,-1.1930929376581427,1.1930929376581427,"Rp 345,000","Rp 340,884","Rp -4,116"
Z449,Teupin Batee,4.96757,97.74699,2023,Pemukiman,295000,298995.80086580093,TRAINING,3995.800865800935,3995.800865800935,1.3545087680681136,1.3545087680681136,"Rp 295,000","Rp 298,996","Rp 3,996"
Z356,Kampung Jawa,4.950312,97.77408,2023,Pertanian,108000,102380.90079365083,TRAINING,-5619.099206349172,5619.099206349172,-5.202869635508493,5.202869635508493,"Rp 108,000","Rp 102,381","Rp -5,619"
Z101,Teupin Batee,4.96757,97.74699,2023,Pemukiman,170000,170779.29725829724,TRAINING,779.2972582972434,779.2972582972434,0.4584101519395549,0.4584101519395549,"Rp 170,000","Rp 170,779",Rp 779
Z215,Tanjong Kapai,4.965897,97.762578,2023,Pemukiman,375000,399680.15873015864,TRAINING,24680.15873015864,24680.15873015864,6.581375661375638,6.581375661375638,"Rp 375,000","Rp 399,680","Rp 24,680"
Z334,Tanjong Kapai,4.965897,97.762578,2025,Pertanian,135000,135449.246031746,TRAINING,449.24603174600634,449.24603174600634,0.332774838330375,0.332774838330375,"Rp 135,000","Rp 135,449",Rp 449
Z134,Bantayan Timur,4.939803,97.75776,2023,Pemukiman,285000,294418.9069264069,TRAINING,9418.906926406897,9418.906926406897,3.3048796233006654,3.3048796233006654,"Rp 285,000","Rp 294,419","Rp 9,419"
Z145,Buket Langa,4.96203,97.74058,2025,Pertanian,95000,98002.91666666666,TRAINING,3002.916666666657,3002.916666666657,3.1609649122806913,3.1609649122806913,"Rp 95,000","Rp 98,003","Rp 3,003"
Z439,Seuneubok Teungoh (PR),4.88843,97.80519,2025,Pertanian,98000,95569.19047619047,TRAINING,-2430.8095238095266,2430.8095238095266,-2.4804178814382927,2.4804178814382927,"Rp 98,000","Rp 95,569","Rp -2,431"
Z170,Kampung Tanjong,4.95043,97.77991,2023,Pemukiman,182000,170901.21642246644,TRAINING,-11098.783577533555,11098.783577533555,-6.098232734908547,6.098232734908547,"Rp 182,000","Rp 170,901","Rp -11,099"
Z231,Ulee Gle,4.89797,97.7936,2024,Pemukiman,142000,143162.06998556998,TRAINING,1162.0699855699786,1162.0699855699786,0.8183591447675905,0.8183591447675905,"Rp 142,000","Rp 143,162","Rp 1,162"
Z353,Blang Geulumpang,4.955553,97.779802,2023,Pertanian,125000,119617.23412698414,TRAINING,-5382.765873015858,5382.765873015858,-4.306212698412686,4.306212698412686,"Rp 125,000","Rp 119,617","Rp -5,383"
Z017,Alue Dua Muka S,4.975852,97.746353,2024,Pertanian,195000,197653.65007215005,TRAINING,2653.650072150049,2653.650072150049,1.3608461908461789,1.3608461908461789,"Rp 195,000","Rp 197,654","Rp 2,654"
Z155,Gampong Aceh,4.94902,97.76716,2023,Pertanian,225000,231101.5277777778,TRAINING,6101.52777777781,6101.52777777781,2.7117901234568045,2.7117901234568045,"Rp 225,000","Rp 231,102","Rp 6,102"
Z436,Seuneubok Rambong,4.94039,97.78733,2025,Pemukiman,315000,313060.4761904763,TRAINING,-1939.523809523671,1939.523809523671,-0.6157218442932288,0.6157218442932288,"Rp 315,000","Rp 313,060","Rp -1,940"
Z415,Lhok Asahan,4.91815,97.78819,2025,Pemukiman,240000,231893.86904761902,TRAINING,-8106.130952380976,8106.130952380976,-3.377554563492073,3.377554563492073,"Rp 240,000","Rp 231,894","Rp -8,106"
Z171,Kampung Tanjong,4.95043,97.77991,2024,Pemukiman,270000,275124.0445665446,TRAINING,5124.044566544588,5124.044566544588,1.897794283905403,1.897794283905403,"Rp 270,000","Rp 275,124","Rp 5,124"
Z216,Tanjong Kapai,4.965897,97.762578,2024,Pemukiman,395000,400348.67063492077,TRAINING,5348.670634920767,5348.670634920767,1.3540938316255107,1.3540938316255107,"Rp 395,000","Rp 400,349","Rp 5,349"
Z418,Matang Bungong,4.92757,97.80742,2025,Pemukiman,115000,120138.48809523809,TRAINING,5138.488095238092,5138.488095238092,4.4682505175983405,4.4682505175983405,"Rp 115,000","Rp 120,138","Rp 5,138"
Z039,Dama Pulo,4.94688,97.75347,2025,Pemukiman,280000,282873.2905982905,TRAINING,2873.2905982905068,2873.2905982905068,1.026175213675181,1.026175213675181,"Rp 280,000","Rp 282,873","Rp 2,873"
Z183,Lhok Asahan,4.91815,97.78819,2024,Komersial,475000,471136.3329725829,TRAINING,-3863.6670274171047,3863.6670274171047,-0.8134035847193904,0.8134035847193904,"Rp 475,000","Rp 471,136","Rp -3,864"
Z053,Kampung Jalan,4.96262,97.75781,2024,Pemukiman,305000,315837.8354978355,TRAINING,10837.835497835476,10837.835497835476,3.5533886878149104,3.5533886878149104,"Rp 305,000","Rp 315,838","Rp 10,838"
Z123,Kampung Jawa,4.950312,97.77408,2024,Pertanian,168000,174201.61111111112,TRAINING,6201.611111111124,6201.611111111124,3.6914351851851928,3.6914351851851928,"Rp 168,000","Rp 174,202","Rp 6,202"
Z342,Tualang Dalam,4.91532,97.78519,2024,Pertanian,108000,105564.48412698414,TRAINING,-2435.5158730158582,2435.5158730158582,-2.2551072898294984,2.2551072898294984,"Rp 108,000","Rp 105,564","Rp -2,436"
Z217,Tanjong Kapai,4.965897,97.762578,2025,Pertanian,195000,200206.05844155847,TRAINING,5206.058441558474,5206.058441558474,2.6697735597735766,2.6697735597735766,"Rp 195,000","Rp 200,206","Rp 5,206"
Z080,Meunasah Jeumpa,4.92158,97.78055,2024,Pertanian,168000,171879.20238095243,TRAINING,3879.2023809524253,3879.2023809524253,2.3090490362812055,2.3090490362812055,"Rp 168,000","Rp 171,879","Rp 3,879"
Z223,Titi Baro,4.93328,97.78364,2025,Pemukiman,305000,303178.1818181818,TRAINING,-1821.8181818181765,1821.8181818181765,-0.5973174366616972,0.5973174366616972,"Rp 305,000","Rp 303,178","Rp -1,822"
Z322,Seuneubok Rambong,4.94039,97.78733,2025,Pemukiman,275000,276653.17918192915,TRAINING,1653.1791819291539,1653.1791819291539,0.601156066156056,0.601156066156056,"Rp 275,000","Rp 276,653","Rp 1,653"
Z130,Alue Dua Muka O,4.976455,97.749566,2025,Pertanian,125000,129768.50793650793,TRAINING,4768.507936507929,4768.507936507929,3.8148063492063433,3.8148063492063433,"Rp 125,000","Rp 129,769","Rp 4,769"
Z163,Gureb Blang,4.95253,97.74776,2025,Pertanian,135000,133274.65079365077,TRAINING,-1725.3492063492304,1725.3492063492304,-1.2780364491475782,1.2780364491475782,"Rp 135,000","Rp 133,275","Rp -1,725"
Z438,Seuneubok Teungoh (PR),4.88843,97.80519,2024,Pertanian,88000,90307.00216450216,TRAINING,2307.0021645021625,2307.0021645021625,2.6215933687524573,2.6215933687524573,"Rp 88,000","Rp 90,307","Rp 2,307"
Z279,Gureb Blang,4.95253,97.74776,2024,Pertanian,95000,92969.23124098126,TRAINING,-2030.7687590187415,2030.7687590187415,-2.137651325282886,2.137651325282886,"Rp 95,000","Rp 92,969","Rp -2,031"
Z252,Bantayan Timur,4.939803,97.75776,2024,Pemukiman,365000,369131.88672438683,TRAINING,4131.88672438683,4131.88672438683,1.1320237601059808,1.1320237601059808,"Rp 365,000","Rp 369,132","Rp 4,132"
Z043,Gampong Jalan,4.96279,97.75944,2023,Pemukiman,335000,334422.0238095238,TRAINING,-577.9761904762127,577.9761904762127,-0.17253020611230227,0.17253020611230227,"Rp 335,000","Rp 334,422",Rp -578
Z288,Kampung Tanjong,4.95043,97.77991,2024,Pemukiman,245000,238733.9484126984,TRAINING,-6266.0515873015975,6266.0515873015975,-2.5575720764496315,2.5575720764496315,"Rp 245,000","Rp 238,734","Rp -6,266"
Z384,Dama Pulo,4.94688,97.75347,2024,Pemukiman,128000,137191.6349206349,TRAINING,9191.634920634911,9191.634920634911,7.180964781746024,7.180964781746024,"Rp 128,000","Rp 137,192","Rp 9,192"
Z021,Bantayan Timur,4.939803,97.75776,2025,Pertanian,175000,179166.82539682538,TRAINING,4166.825396825385,4166.825396825385,2.3810430839002197,2.3810430839002197,"Rp 175,000","Rp 179,167","Rp 4,167"
Z086,Seuneubok Bacee,4.935716,97.781945,2024,Pemukiman,420000,416024.2717005217,TRAINING,-3975.728299478302,3975.728299478302,-0.9466019760662624,0.9466019760662624,"Rp 420,000","Rp 416,024","Rp -3,976"
Z314,Meunasah Puuk,4.94269,97.76313,2023,Pertanian,118000,119755.25,TRAINING,1755.25,1755.25,1.4874999999999998,1.4874999999999998,"Rp 118,000","Rp 119,755","Rp 1,755"
Z281,Kampung Blang,4.94808,97.77047,2023,Pertanian,83000,84611.88095238095,TRAINING,1611.8809523809468,1611.8809523809468,1.942025243832466,1.942025243832466,"Rp 83,000","Rp 84,612","Rp 1,612"
Z128,Alue Dua Muka O,4.976455,97.749566,2023,Pemukiman,395000,374731.9300144301,TRAINING,-20268.06998556992,20268.06998556992,-5.131156958372132,5.131156958372132,"Rp 395,000","Rp 374,732","Rp -20,268"
Z103,Teupin Batee,4.96757,97.74699,2025,Pertanian,145000,149376.53571428574,TRAINING,4376.535714285739,4376.535714285739,3.0183004926108548,3.0183004926108548,"Rp 145,000","Rp 149,377","Rp 4,377"
Z278,Gureb Blang,4.95253,97.74776,2023,Pemukiman,320000,316742.5595238095,TRAINING,-3257.4404761904734,3257.4404761904734,-1.017950148809523,1.017950148809523,"Rp 320,000","Rp 316,743","Rp -3,257"
Z179,Keutapang Mameh,4.965023,97.771706,2023,Pemukiman,350000,348008.1944444444,TRAINING,-1991.8055555556202,1991.8055555556202,-0.56908730158732,0.56908730158732,"Rp 350,000","Rp 348,008","Rp -1,992"
Z282,Kampung Blang,4.94808,97.77047,2024,Pertanian,90000,88706.23412698414,TRAINING,-1293.7658730158582,1293.7658730158582,-1.4375176366842868,1.4375176366842868,"Rp 90,000","Rp 88,706","Rp -1,294"
Z380,Buket Pala,4.953684,97.758295,2023,Pemukiman,240000,242427.16991341987,TRAINING,2427.1699134198716,2427.1699134198716,1.0113207972582798,1.0113207972582798,"Rp 240,000","Rp 242,427","Rp 2,427"
Z204,Seuneubok Rambong,4.94039,97.78733,2024,Pemukiman,340000,336332.757936508,TRAINING,-3667.2420634920127,3667.2420634920127,-1.0786006069094154,1.0786006069094154,"Rp 340,000","Rp 336,333","Rp -3,667"
Z172,Kampung Tanjong,4.95043,97.77991,2025,Pemukiman,285000,274389.7263847264,TRAINING,-10610.273615273589,10610.273615273589,-3.722903022903014,3.722903022903014,"Rp 285,000","Rp 274,390","Rp -10,610"
Z073,Matang Rayeuk (PR),4.93219,97.79798,2023,Pemukiman,270000,265330.6111111111,TRAINING,-4669.388888888876,4669.388888888876,-1.7294032921810654,1.7294032921810654,"Rp 270,000","Rp 265,331","Rp -4,669"
Z271,Dama Pulo,4.94688,97.75347,2025,Pemukiman,240000,231203.59126984127,TRAINING,-8796.408730158728,8796.408730158728,-3.665170304232803,3.665170304232803,"Rp 240,000","Rp 231,204","Rp -8,796"
Z445,Seuneubok Tutong,4.9181,97.7328,2025,Pertanian,168000,160286.85209235206,TRAINING,-7713.1479076479445,7713.1479076479445,-4.591159468838062,4.591159468838062,"Rp 168,000","Rp 160,287","Rp -7,713"
Z164,Kampung Blang,4.94808,97.77047,2023,Pertanian,145000,144391.64862914867,TRAINING,-608.3513708513347,608.3513708513347,-0.4195526695526446,0.4195526695526446,"Rp 145,000","Rp 144,392",Rp -608
Z045,Gampong Jalan,4.96279,97.75944,2025,Pertanian,115000,113158.53174603173,TRAINING,-1841.468253968269,1841.468253968269,-1.6012767425811032,1.6012767425811032,"Rp 115,000","Rp 113,159","Rp -1,841"
Z321,Seuneubok Rambong,4.94039,97.78733,2024,Pertanian,102000,115633.73809523806,TRAINING,13633.738095238063,13633.738095238063,13.36640989729222,13.36640989729222,"Rp 102,000","Rp 115,634","Rp 13,634"
Z303,Matang Bungong,4.92757,97.80742,2024,Pemukiman,128000,126855.41269841265,TRAINING,-1144.5873015873512,1144.5873015873512,-0.8942088293651183,0.8942088293651183,"Rp 128,000","Rp 126,855","Rp -1,145"
Z236,Blang Geulumpang,4.955553,97.779802,2023,Pertanian,200000,193422.51215451222,TRAINING,-6577.487845487776,6577.487845487776,-3.2887439227438877,3.2887439227438877,"Rp 200,000","Rp 193,423","Rp -6,577"
Z238,Blang Geulumpang,4.955553,97.779802,2025,Pertanian,122000,126223.75793650794,TRAINING,4223.757936507944,4223.757936507944,3.4620966692688064,3.4620966692688064,"Rp 122,000","Rp 126,224","Rp 4,224"
Z185,Matang Bungong,4.92757,97.80742,2023,Pemukiman,265000,272483.91330891324,TRAINING,7483.913308913237,7483.913308913237,2.8241182297785805,2.8241182297785805,"Rp 265,000","Rp 272,484","Rp 7,484"
Z301,Lhok Asahan,4.91815,97.78819,2025,Pertanian,98000,95379.46428571429,TRAINING,-2620.53571428571,2620.53571428571,-2.6740160349854185,2.6740160349854185,"Rp 98,000","Rp 95,379","Rp -2,621"
Z441,Seuneubok Teungoh (SMK),4.92726,97.79034,2024,Pemukiman,128000,125147.26984126984,TRAINING,-2852.7301587301627,2852.7301587301627,-2.2286954365079397,2.2286954365079397,"Rp 128,000","Rp 125,147","Rp -2,853"
Z354,Blang Geulumpang,4.955553,97.779802,2024,Pertanian,142000,131486.22619047618,TRAINING,-10513.773809523816,10513.773809523816,-7.404066063044941,7.404066063044941,"Rp 142,000","Rp 131,486","Rp -10,514"
Z376,Buket Langa,4.96203,97.74058,2025,Pertanian,108000,108216.91738816738,TRAINING,216.9173881673778,216.9173881673778,0.20084943348831277,0.20084943348831277,"Rp 108,000","Rp 108,217",Rp 217
Z226,Tualang Dalam,4.91532,97.78519,2025,Pertanian,132000,124574.46825396828,TRAINING,-7425.5317460317165,7425.5317460317165,-5.625402837902815,5.625402837902815,"Rp 132,000","Rp 124,574","Rp -7,426"
Z359,Tanoh Anou,4.943832,97.777176,2023,Pemukiman,265000,245089.23015873018,TRAINING,-19910.769841269823,19910.769841269823,-7.513498053309367,7.513498053309367,"Rp 265,000","Rp 245,089","Rp -19,911"
Z133,Alue Dua Muka S,4.975852,97.746353,2025,Pemukiman,188000,182948.18759018753,TRAINING,-5051.812409812468,5051.812409812468,-2.687134260538547,2.687134260538547,"Rp 188,000","Rp 182,948","Rp -5,052"
Z244,Tanoh Anou,4.943832,97.777176,2025,Pertanian,86000,87105.84523809527,TRAINING,1105.8452380952658,1105.8452380952658,1.2858665559247278,1.2858665559247278,"Rp 86,000","Rp 87,106","Rp 1,106"
Z256,Buket Jok,4.957622,97.727797,2025,Pertanian,138000,131485.61507936503,TRAINING,-6514.38492063497,6514.38492063497,-4.720568783068819,4.720568783068819,"Rp 138,000","Rp 131,486","Rp -6,514"
Z074,Matang Rayeuk (PR),4.93219,97.79798,2024,Pemukiman,175000,175128.16666666663,TRAINING,128.16666666662786,128.16666666662786,0.07323809523807306,0.07323809523807306,"Rp 175,000","Rp 175,128",Rp 128
Z395,Kampung Blang,4.94808,97.77047,2023,Komersial,425000,423424.1666666668,TRAINING,-1575.8333333331975,1575.8333333331975,-0.3707843137254582,0.3707843137254582,"Rp 425,000","Rp 423,424","Rp -1,576"
Z241,Kampung Jawa,4.950312,97.77408,2025,Pemukiman,330000,326425.03968253976,TRAINING,-3574.960317460238,3574.960317460238,-1.0833213083212843,1.0833213083212843,"Rp 330,000","Rp 326,425","Rp -3,575"
Z392,Gureb Blang,4.95253,97.74776,2023,Pertanian,93000,92626.12409812411,TRAINING,-373.8759018758865,373.8759018758865,-0.4020170987912758,0.4020170987912758,"Rp 93,000","Rp 92,626",Rp -374
Z372,Buket Juara,4.955677,97.754384,2024,Pertanian,118000,117569.75793650794,TRAINING,-430.24206349205633,430.24206349205633,-0.36461191821360706,0.36461191821360706,"Rp 118,000","Rp 117,570",Rp -430
Z270,Dama Pulo,4.94688,97.75347,2024,Pemukiman,225000,224181.21031746038,TRAINING,-818.7896825396165,818.7896825396165,-0.3639065255731629,0.3639065255731629,"Rp 225,000","Rp 224,181",Rp -819
Z346,Ulee Blang,4.97331,97.76081,2025,Pemukiman,370000,366716.0335497836,TRAINING,-3283.9664502164233,3283.9664502164233,-0.8875585000584928,0.8875585000584928,"Rp 370,000","Rp 366,716","Rp -3,284"
Z038,Dama Pulo,4.94688,97.75347,2024,Pemukiman,265000,269100.2976190476,TRAINING,4100.297619047575,4100.297619047575,1.5472821203953113,1.5472821203953113,"Rp 265,000","Rp 269,100","Rp 4,100"
Z255,Buket Jok,4.957622,97.727797,2024,Pertanian,192000,186584.8137418138,TRAINING,-5415.186258186208,5415.186258186208,-2.820409509471983,2.820409509471983,"Rp 192,000","Rp 186,585","Rp -5,415"
Z398,Kampung Jalan,4.96262,97.75781,2023,Pemukiman,260000,249508.31349206346,TRAINING,-10491.686507936538,10491.686507936538,-4.035264041514052,4.035264041514052,"Rp 260,000","Rp 249,508","Rp -10,492"
Z161,Gureb Blang,4.95253,97.74776,2023,Pemukiman,330000,329825.1785714286,TRAINING,-174.82142857142026,174.82142857142026,-0.052976190476187957,0.052976190476187957,"Rp 330,000","Rp 329,825",Rp -175
Z388,Gampong Aceh,4.94902,97.76716,2025,Pemukiman,330000,326734.6825396826,TRAINING,-3265.3174603173975,3265.3174603173975,-0.9894901394901204,0.9894901394901204,"Rp 330,000","Rp 326,735","Rp -3,265"
Z068,Lhok Asahan,4.91815,97.78819,2024,Pemukiman,188000,196433.05483405487,TRAINING,8433.05483405487,8433.05483405487,4.485667464922803,4.485667464922803,"Rp 188,000","Rp 196,433","Rp 8,433"
Z195,Meunasah Jeumpa,4.92158,97.78055,2024,Pemukiman,320000,319829.30555555556,TRAINING,-170.69444444443798,170.69444444443798,-0.05334201388888687,0.05334201388888687,"Rp 320,000","Rp 319,829",Rp -171
Z257,Buket Juara,4.955677,97.754384,2023,Pertanian,152000,137523.67460317456,TRAINING,-14476.325396825443,14476.325396825443,-9.52389828738516,9.52389828738516,"Rp 152,000","Rp 137,524","Rp -14,476"
Z006,Blang Geulumpang,4.955553,97.779802,2025,Pemukiman,320000,319148.09343434335,TRAINING,-851.9065656566527,851.9065656566527,-0.26622080176770396,0.26622080176770396,"Rp 320,000","Rp 319,148",Rp -852
Z135,Bantayan Timur,4.939803,97.75776,2024,Pemukiman,300000,293122.1428571427,TRAINING,-6877.857142857276,6877.857142857276,-2.292619047619092,2.292619047619092,"Rp 300,000","Rp 293,122","Rp -6,878"
Z330,Seuneubok Tutong,4.8982,97.7117,2024,Pemukiman,105000,112222.87698412695,TRAINING,7222.876984126953,7222.876984126953,6.878930461073289,6.878930461073289,"Rp 105,000","Rp 112,223","Rp 7,223"
Z041,Gampong Aceh,4.94902,97.76716,2024,Pertanian,165000,165601.44047619047,TRAINING,601.4404761904734,601.4404761904734,0.36450937950937784,0.36450937950937784,"Rp 165,000","Rp 165,601",Rp 601
Z069,Lhok Asahan,4.91815,97.78819,2025,Pemukiman,200000,200189.13095238098,TRAINING,189.13095238097594,189.13095238097594,0.09456547619048797,0.09456547619048797,"Rp 200,000","Rp 200,189",Rp 189
Z108,Tualang Dalam,4.91532,97.78519,2024,Pertanian,98000,100397.7261904762,TRAINING,2397.726190476198,2397.726190476198,2.446659378036937,2.446659378036937,"Rp 98,000","Rp 100,398","Rp 2,398"
Z205,Seuneubok Rambong,4.94039,97.78733,2025,Pertanian,105000,100658.16666666664,TRAINING,-4341.833333333358,4341.833333333358,-4.135079365079388,4.135079365079388,"Rp 105,000","Rp 100,658","Rp -4,342"
Z274,Gampong Aceh,4.94902,97.76716,2025,Pemukiman,115000,121578.29761904763,TRAINING,6578.297619047633,6578.297619047633,5.720258799171854,5.720258799171854,"Rp 115,000","Rp 121,578","Rp 6,578"
Z315,Meunasah Puuk,4.94269,97.76313,2024,Pertanian,80000,82563.96825396825,TRAINING,2563.9682539682544,2563.9682539682544,3.2049603174603183,3.2049603174603183,"Rp 80,000","Rp 82,564","Rp 2,564"
Z364,Alue Dua Muka S,4.975852,97.746353,2025,Pemukiman,315000,299859.5833333333,TRAINING,-15140.416666666686,15140.416666666686,-4.806481481481488,4.806481481481488,"Rp 315,000","Rp 299,860","Rp -15,140"
Z113,Ulee Gle,4.89797,97.7936,2023,Komersial,500000,475243.8329725829,TRAINING,-24756.167027417105,24756.167027417105,-4.951233405483421,4.951233405483421,"Rp 500,000","Rp 475,244","Rp -24,756"
Z446,Tanjong Kapai,4.965897,97.762578,2023,Pemukiman,102000,107168.13095238095,TRAINING,5168.130952380947,5168.130952380947,5.0667950513538695,5.0667950513538695,"Rp 102,000","Rp 107,168","Rp 5,168"
Z347,Ulee Gle,4.89797,97.7936,2023,Komersial,385000,379316.48989898997,TRAINING,-5683.510101010033,5683.510101010033,-1.476236389872736,1.476236389872736,"Rp 385,000","Rp 379,316","Rp -5,684"
Z286,Kampung Jalan,4.96262,97.75781,2025,Pemukiman,400000,397765.4563492064,TRAINING,-2234.54365079361,2234.54365079361,-0.5586359126984025,0.5586359126984025,"Rp 400,000","Rp 397,765","Rp -2,235"
Z079,Meunasah Jeumpa,4.92158,97.78055,2023,Pertanian,118000,113928.45634920635,TRAINING,-4071.543650793654,4071.543650793654,-3.450460721011571,3.450460721011571,"Rp 118,000","Rp 113,928","Rp -4,072"
Z406,Ketapang Dua,4.92212,97.79712,2025,Pertanian,128000,132201.65476190473,TRAINING,4201.654761904734,4201.654761904734,3.2825427827380738,3.2825427827380738,"Rp 128,000","Rp 132,202","Rp 4,202"
Z070,Matang Bungong,4.92757,97.80742,2023,Pemukiman,305000,301473.492063492,TRAINING,-3526.5079365079873,3526.5079365079873,-1.1562321103304878,1.1562321103304878,"Rp 305,000","Rp 301,473","Rp -3,527"
Z148,Buket Meulinteung,4.967052,97.730316,2025,Pemukiman,410000,407742.72588522575,TRAINING,-2257.274114774249,2257.274114774249,-0.5505546621400608,0.5505546621400608,"Rp 410,000","Rp 407,743","Rp -2,257"
Z357,Kampung Jawa,4.950312,97.77408,2024,Pertanian,75000,120365.82142857138,TRAINING,45365.82142857138,45365.82142857138,60.48776190476184,60.48776190476184,"Rp 75,000","Rp 120,366","Rp 45,366"
Z326,Seuneubok Teungoh (SMK),4.92726,97.79034,2023,Pemukiman,305000,301923.3974358975,TRAINING,-3076.6025641025044,3076.6025641025044,-1.0087221521647556,1.0087221521647556,"Rp 305,000","Rp 301,923","Rp -3,077"
Z349,Ulee Gle,4.89797,97.7936,2025,Pemukiman,185000,158296.86904761902,TRAINING,-26703.130952380976,26703.130952380976,-14.434124839124852,14.434124839124852,"Rp 185,000","Rp 158,297","Rp -26,703"
Z140,Buket Juara,4.955677,97.754384,2023,Pertanian,140000,141618.64935064933,TRAINING,1618.649350649328,1618.649350649328,1.1561781076066628,1.1561781076066628,"Rp 140,000","Rp 141,619","Rp 1,619"
Z153,Dama Pulo,4.94688,97.75347,2024,Pemukiman,395000,396428.8293650794,TRAINING,1428.8293650794076,1428.8293650794076,0.36172895318466014,0.36172895318466014,"Rp 395,000","Rp 396,429","Rp 1,429"
Z061,Keude Aceh,4.95213,97.767995,2023,Pertanian,170000,172029.0753968254,TRAINING,2029.075396825414,2029.075396825414,1.1935737628384786,1.1935737628384786,"Rp 170,000","Rp 172,029","Rp 2,029"
Z428,Meunasah Puuk,4.94269,97.76313,2023,Pemukiman,390000,394288.75,TRAINING,4288.75,4288.75,1.099679487179487,1.099679487179487,"Rp 390,000","Rp 394,289","Rp 4,289"
Z093,Seuneubok Teungoh (SMK),4.92726,97.79034,2024,Pertanian,122000,126314.68253968252,TRAINING,4314.682539682515,4314.682539682515,3.5366250325266515,3.5366250325266515,"Rp 122,000","Rp 126,315","Rp 4,315"
Z391,Gampong Jalan,4.96279,97.75944,2025,Pertanian,86000,87101.8354978355,TRAINING,1101.8354978355055,1101.8354978355055,1.2812040672505878,1.2812040672505878,"Rp 86,000","Rp 87,102","Rp 1,102"
Z361,Tanoh Anou,4.943832,97.777176,2025,Pertanian,68000,79276.46428571429,TRAINING,11276.46428571429,11276.46428571429,16.58303571428572,16.58303571428572,"Rp 68,000","Rp 79,276","Rp 11,276"
Z425,Meunasah Jeumpa,4.92158,97.78055,2023,Pertanian,83000,85388.51803751802,TRAINING,2388.5180375180207,2388.5180375180207,2.8777325753229164,2.8777325753229164,"Rp 83,000","Rp 85,389","Rp 2,389"
Z114,Ulee Gle,4.89797,97.7936,2024,Pemukiman,285000,290456.72619047627,TESTING,5456.726190476271,5456.726190476271,1.914640768588165,1.914640768588165,"Rp 285,000","Rp 290,457","Rp 5,457"
Z040,Gampong Aceh,4.94902,97.76716,2023,Pemukiman,185000,177427.88888888885,TESTING,-7572.111111111153,7572.111111111153,-4.0930330330330555,4.0930330330330555,"Rp 185,000","Rp 177,428","Rp -7,572"
Z382,Buket Pala,4.953684,97.758295,2025,Pertanian,185000,187342.94072594072,TESTING,2342.940725940716,2342.940725940716,1.2664544464544412,1.2664544464544412,"Rp 185,000","Rp 187,343","Rp 2,343"
Z379,Buket Meulinteung,4.967052,97.730316,2025,Pemukiman,155000,148834.98015873018,TESTING,-6165.019841269823,6165.019841269823,-3.97743215565795,3.97743215565795,"Rp 155,000","Rp 148,835","Rp -6,165"
Z129,Alue Dua Muka O,4.976455,97.749566,2024,Pemukiman,380000,364825.7070707071,TESTING,-15174.29292929289,15174.29292929289,-3.993234981392866,3.993234981392866,"Rp 380,000","Rp 364,826","Rp -15,174"
Z159,Gampong Jalan,4.96279,97.75944,2024,Pertanian,148000,170345.04148629148,TESTING,22345.041486291477,22345.041486291477,15.098001004250996,15.098001004250996,"Rp 148,000","Rp 170,345","Rp 22,345"
Z105,Titi Baro,4.93328,97.78364,2024,Pemukiman,375000,363685.29040404037,TESTING,-11314.709595959634,11314.709595959634,-3.0172558922559025,3.0172558922559025,"Rp 375,000","Rp 363,685","Rp -11,315"
Z311,Meunasah Jeumpa,4.92158,97.78055,2023,Pemukiman,295000,298841.9318181819,TESTING,3841.9318181818817,3841.9318181818817,1.3023497688752141,1.3023497688752141,"Rp 295,000","Rp 298,842","Rp 3,842"
Z193,Matang Rayeuk (SMK),4.9215,97.81222,2025,Pertanian,138000,164209.90476190476,TESTING,26209.904761904763,26209.904761904763,18.992684610075916,18.992684610075916,"Rp 138,000","Rp 164,210","Rp 26,210"
Z377,Buket Meulinteung,4.967052,97.730316,2023,Pertanian,118000,111269.41666666669,TESTING,-6730.583333333314,6730.583333333314,-5.703884180790944,5.703884180790944,"Rp 118,000","Rp 111,269","Rp -6,731"
Z176,Keude Aceh,4.95213,97.767995,2023,Pertanian,148000,146664.3492063492,TESTING,-1335.6507936507987,1335.6507936507987,-0.902466752466756,0.902466752466756,"Rp 148,000","Rp 146,664","Rp -1,336"
Z237,Blang Geulumpang,4.955553,97.779802,2024,Pemukiman,128000,137833.25396825396,TESTING,9833.253968253965,9833.253968253965,7.68222966269841,7.68222966269841,"Rp 128,000","Rp 137,833","Rp 9,833"
Z221,Titi Baro,4.93328,97.78364,2023,Pertanian,125000,145071.00793650793,TESTING,20071.00793650793,20071.00793650793,16.056806349206344,16.056806349206344,"Rp 125,000","Rp 145,071","Rp 20,071"
Z175,Ketapang Dua,4.92212,97.79712,2025,Pemukiman,158000,164994.79578754577,TESTING,6994.795787545765,6994.795787545765,4.427085941484661,4.427085941484661,"Rp 158,000","Rp 164,995","Rp 6,995"
Z283,Kampung Blang,4.94808,97.77047,2025,Pemukiman,375000,383557.8769841271,TESTING,8557.876984127099,8557.876984127099,2.2821005291005596,2.2821005291005596,"Rp 375,000","Rp 383,558","Rp 8,558"
Z052,Kampung Jalan,4.96262,97.75781,2023,Pemukiman,455000,468177.10678210674,TESTING,13177.10678210674,13177.10678210674,2.8960674246388445,2.8960674246388445,"Rp 455,000","Rp 468,177","Rp 13,177"
Z081,Meunasah Jeumpa,4.92158,97.78055,2025,Pertanian,102000,106680.62698412698,TESTING,4680.626984126982,4680.626984126982,4.588849984438218,4.588849984438218,"Rp 102,000","Rp 106,681","Rp 4,681"
Z002,Keude Blang,5.018745,97.642446,2024,Komersial,520000,471195.20202020206,TESTING,-48804.797979797935,48804.797979797935,-9.385538073038065,9.385538073038065,"Rp 520,000","Rp 471,195","Rp -48,805"
Z187,Matang Bungong,4.92757,97.80742,2025,Pemukiman,385000,400378.1746031746,TESTING,15378.174603174615,15378.174603174615,3.9943310657596403,3.9943310657596403,"Rp 385,000","Rp 400,378","Rp 15,378"
Z410,Keutapang Mameh,4.965023,97.771706,2023,Pertanian,118000,108386.0,TESTING,-9614.0,9614.0,-8.147457627118644,8.147457627118644,"Rp 118,000","Rp 108,386","Rp -9,614"
Z233,Keude Blang,5.018745,97.642446,2023,Pemukiman,240000,242457.52705627706,TESTING,2457.52705627706,2457.52705627706,1.0239696067821082,1.0239696067821082,"Rp 240,000","Rp 242,458","Rp 2,458"
Z125,Tanoh Anou,4.943832,97.777176,2023,Pemukiman,340000,343559.8214285715,TESTING,3559.8214285714785,3559.8214285714785,1.0470063025210232,1.0470063025210232,"Rp 340,000","Rp 343,560","Rp 3,560"
Z192,Matang Rayeuk (SMK),4.9215,97.81222,2024,Pertanian,178000,155080.89935064936,TESTING,-22919.100649350643,22919.100649350643,-12.875899241208227,12.875899241208227,"Rp 178,000","Rp 155,081","Rp -22,919"
Z323,Seuneubok Teungoh (PR),4.88843,97.80519,2023,Pemukiman,290000,289118.7347374847,TESTING,-881.2652625152841,881.2652625152841,-0.3038845732811325,0.3038845732811325,"Rp 290,000","Rp 289,119",Rp -881
Z165,Kampung Blang,4.94808,97.77047,2024,Pemukiman,375000,362792.7904040404,TESTING,-12207.209595959575,12207.209595959575,-3.2552558922558865,3.2552558922558865,"Rp 375,000","Rp 362,793","Rp -12,207"
Z402,Kampung Tanjong,4.95043,97.77991,2024,Pertanian,192000,183509.3970751471,TESTING,-8490.602924852894,8490.602924852894,-4.422189023360882,4.422189023360882,"Rp 192,000","Rp 183,509","Rp -8,491"
Z064,Keutapang Mameh,4.965023,97.771706,2023,Pemukiman,350000,361151.1165223665,TESTING,11151.116522366472,11151.116522366472,3.1860332921047063,3.1860332921047063,"Rp 350,000","Rp 361,151","Rp 11,151"
Z340,Titi Baro,4.93328,97.78364,2025,Pemukiman,300000,295097.3855311355,TESTING,-4902.6144688645145,4902.6144688645145,-1.6342048229548383,1.6342048229548383,"Rp 300,000","Rp 295,097","Rp -4,903"
Z251,Bantayan Timur,4.939803,97.75776,2023,Pemukiman,260000,247779.02777777772,TESTING,-12220.972222222277,12220.972222222277,-4.700373931623953,4.700373931623953,"Rp 260,000","Rp 247,779","Rp -12,221"
Z385,Dama Pulo,4.94688,97.75347,2025,Pertanian,122000,124904.04761904762,TESTING,2904.0476190476184,2904.0476190476184,2.3803669008587036,2.3803669008587036,"Rp 122,000","Rp 124,904","Rp 2,904"
Z235,Keude Blang,5.018745,97.642446,2025,Pertanian,185000,185023.23834498835,TESTING,23.238344988349127,23.238344988349127,0.012561267561269799,0.012561267561269799,"Rp 185,000","Rp 185,023",Rp 23
Z306,Matang Rayeuk (PR),4.93219,97.79798,2024,Pertanian,152000,155779.65873015876,TESTING,3779.658730158757,3779.658730158757,2.486617585630761,2.486617585630761,"Rp 152,000","Rp 155,780","Rp 3,780"
Z208,Seuneubok Teungoh (PR),4.88843,97.80519,2025,Pertanian,96000,95502.59523809524,TESTING,-497.4047619047633,497.4047619047633,-0.5181299603174617,0.5181299603174617,"Rp 96,000","Rp 95,503",Rp -497
Z320,Seuneubok Rambong,4.94039,97.78733,2023,Pertanian,85000,103143.96825396824,TESTING,18143.96825396824,18143.96825396824,21.34584500466852,21.34584500466852,"Rp 85,000","Rp 103,144","Rp 18,144"
Z112,Ulee Blang,4.97331,97.76081,2025,Komersial,485000,470769.4083694084,TESTING,-14230.591630591603,14230.591630591603,-2.9341426042456913,2.9341426042456913,"Rp 485,000","Rp 470,769","Rp -14,231"
Z116,Keude Blang,5.018745,97.642446,2023,Pemukiman,405000,406194.24603174604,TESTING,1194.2460317460354,1194.2460317460354,0.29487556339408283,0.29487556339408283,"Rp 405,000","Rp 406,194","Rp 1,194"
Z099,Tanjong Kapai,4.965897,97.762578,2024,Pemukiman,245000,247572.73809523816,TESTING,2572.7380952381645,2572.7380952381645,1.0500971817298632,1.0500971817298632,"Rp 245,000","Rp 247,573","Rp 2,573"
Z024,Buket Jok,4.957622,97.727797,2025,Pemukiman,345000,367622.48556998564,TESTING,22622.48556998564,22622.48556998564,6.557242194198737,6.557242194198737,"Rp 345,000","Rp 367,622","Rp 22,622"
Z212,Seuneubok Tutong,4.9393,97.7572,2023,Pemukiman,440000,440390.156926407,TESTING,390.1569264070131,390.1569264070131,0.0886720287288666,0.0886720287288666,"Rp 440,000","Rp 440,390",Rp 390
Z350,Keude Blang,5.018745,97.642446,2023,Pemukiman,205000,149943.37698412698,TESTING,-55056.62301587302,55056.62301587302,-26.856889276035616,26.856889276035616,"Rp 205,000","Rp 149,943","Rp -55,057"
Z243,Tanoh Anou,4.943832,97.777176,2024,Pertanian,135000,143542.11796536794,TESTING,8542.117965367943,8542.117965367943,6.327494789161439,6.327494789161439,"Rp 135,000","Rp 143,542","Rp 8,542"
Z416,Matang Bungong,4.92757,97.80742,2023,Pertanian,168000,173549.59776334773,TESTING,5549.5977633477305,5549.5977633477305,3.303332001992697,3.303332001992697,"Rp 168,000","Rp 173,550","Rp 5,550"
Z015,Alue Dua Muka O,4.976455,97.749566,2025,Pemukiman,275000,274678.23412698414,TESTING,-321.76587301585823,321.76587301585823,-0.11700577200576662,0.11700577200576662,"Rp 275,000","Rp 274,678",Rp -322
Z293,Keude Aceh,4.95213,97.767995,2023,Pertanian,125000,108410.55122655124,TESTING,-16589.448773448763,16589.448773448763,-13.27155901875901,13.27155901875901,"Rp 125,000","Rp 108,411","Rp -16,589"
Z094,Seuneubok Teungoh (SMK),4.92726,97.79034,2025,Pertanian,132000,139317.2987012987,TESTING,7317.298701298714,7317.298701298714,5.54340810704448,5.54340810704448,"Rp 132,000","Rp 139,317","Rp 7,317"
Z001,Keude Blang,5.018745,97.642446,2023,Komersial,485000,471302.70202020206,TESTING,-13697.297979797935,13697.297979797935,-2.824185150473801,2.824185150473801,"Rp 485,000","Rp 471,303","Rp -13,697"
Z404,Ketapang Dua,4.92212,97.79712,2023,Pertanian,152000,130894.73412698414,TESTING,-21105.26587301586,21105.26587301586,-13.885043337510433,13.885043337510433,"Rp 152,000","Rp 130,895","Rp -21,105"
Z147,Buket Meulinteung,4.967052,97.730316,2024,Pemukiman,425000,409501.2377899877,TESTING,-15498.762210012297,15498.762210012297,-3.646767578826423,3.646767578826423,"Rp 425,000","Rp 409,501","Rp -15,499"
Z087,Seuneubok Bacee,4.935716,97.781945,2025,Pemukiman,435000,432551.98232323234,TESTING,-2448.0176767676603,2448.0176767676603,-0.5627626843144047,0.5627626843144047,"Rp 435,000","Rp 432,552","Rp -2,448"
Z100,Tanjong Kapai,4.965897,97.762578,2025,Pemukiman,260000,244428.51190476198,TESTING,-15571.488095238019,15571.488095238019,-5.989033882783853,5.989033882783853,"Rp 260,000","Rp 244,429","Rp -15,571"
Z213,Seuneubok Tutong,4.9348,97.7483,2024,Pemukiman,255000,273766.8253968253,TESTING,18766.825396825327,18766.825396825327,7.35953937130405,7.35953937130405,"Rp 255,000","Rp 273,767","Rp 18,767"
Z266,Buket Pala,4.953684,97.758295,2023,Pertanian,98000,103202.24999999999,TESTING,5202.249999999985,5202.249999999985,5.308418367346924,5.308418367346924,"Rp 98,000","Rp 103,202","Rp 5,202"
Z189,Matang Rayeuk (PR),4.93219,97.79798,2024,Pertanian,210000,218316.52777777775,TESTING,8316.527777777752,8316.527777777752,3.9602513227513105,3.9602513227513105,"Rp 210,000","Rp 218,317","Rp 8,317"
Z367,Bantayan Timur,4.939803,97.75776,2025,Pertanian,168000,135205.82539682538,TESTING,-32794.174603174615,32794.174603174615,-19.520342025699176,19.520342025699176,"Rp 168,000","Rp 135,206","Rp -32,794"
Z063,Keude Aceh,4.95213,97.767995,2025,Pemukiman,335000,350737.15007215017,TESTING,15737.150072150165,15737.150072150165,4.697656737955273,4.697656737955273,"Rp 335,000","Rp 350,737","Rp 15,737"
Z424,Matang Rayeuk (SMK),4.9215,97.81222,2025,Pertanian,128000,131816.07142857142,TESTING,3816.0714285714203,3816.0714285714203,2.981305803571422,2.981305803571422,"Rp 128,000","Rp 131,816","Rp 3,816"
Z004,Blang Geulumpang,4.955553,97.779802,2023,Pemukiman,425000,434290.95598845603,TESTING,9290.95598845603,9290.95598845603,2.186107291401419,2.186107291401419,"Rp 425,000","Rp 434,291","Rp 9,291"
Z421,Matang Rayeuk (PR),4.93219,97.79798,2025,Pemukiman,305000,304277.527056277,TESTING,-722.4729437230271,722.4729437230271,-0.23687637499115646,0.23687637499115646,"Rp 305,000","Rp 304,278",Rp -722
Z022,Buket Jok,4.957622,97.727797,2023,Pertanian,185000,179427.29365079367,TESTING,-5572.706349206332,5572.706349206332,-3.0122737022736925,3.0122737022736925,"Rp 185,000","Rp 179,427","Rp -5,573"
Z451,Teupin Batee,4.96757,97.74699,2025,Pertanian,92000,87763.70238095241,TESTING,-4236.297619047589,4236.297619047589,-4.6046713250517275,4.6046713250517275,"Rp 92,000","Rp 87,764","Rp -4,236"
Z051,Kampung Blang,4.94808,97.77047,2025,Komersial,470000,470390.24170274177,TESTING,390.2417027417687,390.2417027417687,0.08303014951952525,0.08303014951952525,"Rp 470,000","Rp 470,390",Rp 390
Z013,Alue Dua Muka O,4.976455,97.749566,2023,Pertanian,285000,275563.49206349207,TESTING,-9436.50793650793,9436.50793650793,-3.3110554163185717,3.3110554163185717,"Rp 285,000","Rp 275,563","Rp -9,437"
Z025,Buket Juara,4.955677,97.754384,2023,Pemukiman,325000,337491.5945165945,TESTING,12491.594516594487,12491.594516594487,3.8435675435675347,3.8435675435675347,"Rp 325,000","Rp 337,492","Rp 12,492"
Z450,Teupin Batee,4.96757,97.74699,2024,Pemukiman,310000,309394.3524531025,TESTING,-605.6475468975259,605.6475468975259,-0.19537017641855672,0.19537017641855672,"Rp 310,000","Rp 309,394",Rp -606
Z345,Ulee Blang,4.97331,97.76081,2024,Pemukiman,355000,357306.1507936508,TESTING,2306.150793650828,2306.150793650828,0.6496199418734726,0.6496199418734726,"Rp 355,000","Rp 357,306","Rp 2,306"
Z167,Kampung Jalan,4.96262,97.75781,2023,Pertanian,120000,123132.63888888888,TESTING,3132.638888888876,3132.638888888876,2.6105324074073963,2.6105324074073963,"Rp 120,000","Rp 123,133","Rp 3,133"
Z333,Tanjong Kapai,4.965897,97.762578,2024,Pemukiman,210000,187629.63841713846,TESTING,-22370.361582861544,22370.361582861544,-10.652553134695973,10.652553134695973,"Rp 210,000","Rp 187,630","Rp -22,370"
Z154,Dama Pulo,4.94688,97.75347,2025,Pemukiman,415000,411105.65476190485,TESTING,-3894.3452380951494,3894.3452380951494,-0.9383964429144939,0.9383964429144939,"Rp 415,000","Rp 411,106","Rp -3,894"
Z228,Ulee Blang,4.97331,97.76081,2024,Pemukiman,355000,347047.1230158731,TESTING,-7952.876984126924,7952.876984126924,-2.240247037782232,2.240247037782232,"Rp 355,000","Rp 347,047","Rp -7,953"
Z442,Seuneubok Teungoh (SMK),4.92726,97.79034,2025,Pemukiman,210000,212940.07783882786,TESTING,2940.077838827856,2940.077838827856,1.4000370661085029,1.4000370661085029,"Rp 210,000","Rp 212,940","Rp 2,940"
Z127,Tanoh Anou,4.943832,97.777176,2025,Pertanian,152000,156276.53571428568,TESTING,4276.535714285681,4276.535714285681,2.813510338345843,2.813510338345843,"Rp 152,000","Rp 156,277","Rp 4,277"
Z298,Keutapang Mameh,4.965023,97.771706,2025,Pemukiman,300000,295690.15873015876,TESTING,-4309.841269841243,4309.841269841243,-1.4366137566137476,1.4366137566137476,"Rp 300,000","Rp 295,690","Rp -4,310"
Z260,Buket Langa,4.96203,97.74058,2023,Pemukiman,295000,296990.82070707076,TESTING,1990.8207070707576,1990.8207070707576,0.6748544769731382,0.6748544769731382,"Rp 295,000","Rp 296,991","Rp 1,991"
Z331,Seuneubok Tutong,4.8971,97.7106,2025,Pemukiman,118000,117264.30158730157,TESTING,-735.6984126984316,735.6984126984316,-0.6234732311003658,0.6234732311003658,"Rp 118,000","Rp 117,264",Rp -736
Z247,Alue Dua Muka O,4.976455,97.749566,2025,Pemukiman,400000,395208.5714285714,TESTING,-4791.42857142858,4791.42857142858,-1.197857142857145,1.197857142857145,"Rp 400,000","Rp 395,209","Rp -4,791"
Z403,Kampung Tanjong,4.95043,97.77991,2025,Pertanian,138000,125343.22222222219,TESTING,-12656.77777777781,12656.77777777781,-9.171578099838992,9.171578099838992,"Rp 138,000","Rp 125,343","Rp -12,657"
Z386,Gampong Aceh,4.94902,97.76716,2023,Pertanian,115000,115223.98015873015,TESTING,223.9801587301481,223.9801587301481,0.19476535541752008,0.19476535541752008,"Rp 115,000","Rp 115,224",Rp 224
Z285,Kampung Jalan,4.96262,97.75781,2024,Komersial,415000,408436.2103174603,TESTING,-6563.789682539704,6563.789682539704,-1.5816360680818562,1.5816360680818562,"Rp 415,000","Rp 408,436","Rp -6,564"
Z109,Tualang Dalam,4.91532,97.78519,2025,Pertanian,105000,105159.86507936506,TESTING,159.8650793650595,159.8650793650595,0.15225245653815192,0.15225245653815192,"Rp 105,000","Rp 105,160",Rp 160
Z206,Seuneubok Teungoh (PR),4.88843,97.80519,2023,Pertanian,142000,157494.43542568546,TESTING,15494.435425685457,15494.435425685457,10.911574243440462,10.911574243440462,"Rp 142,000","Rp 157,494","Rp 15,494"
Z411,Keutapang Mameh,4.965023,97.771706,2024,Pemukiman,325000,329201.6468253969,TESTING,4201.6468253969215,4201.6468253969215,1.2928144078144375,1.2928144078144375,"Rp 325,000","Rp 329,202","Rp 4,202"
Z219,Teupin Batee,4.96757,97.74699,2024,Pertanian,152000,140841.22907647904,TESTING,-11158.770923520962,11158.770923520962,-7.341296660211159,7.341296660211159,"Rp 152,000","Rp 140,841","Rp -11,159"
Z222,Titi Baro,4.93328,97.78364,2024,Pertanian,142000,154497.64285714284,TESTING,12497.64285714284,12497.64285714284,8.801156941649888,8.801156941649888,"Rp 142,000","Rp 154,498","Rp 12,498"
Z371,Buket Juara,4.955677,97.754384,2023,Pemukiman,320000,321451.72619047615,TESTING,1451.7261904761544,1451.7261904761544,0.45366443452379823,0.45366443452379823,"Rp 320,000","Rp 321,452","Rp 1,452"
Z389,Gampong Jalan,4.96279,97.75944,2023,Pertanian,102000,92248.9238816739,TESTING,-9751.076118326106,9751.076118326106,-9.559878547378535,9.559878547378535,"Rp 102,000","Rp 92,249","Rp -9,751"
Z220,Teupin Batee,4.96757,97.74699,2025,Pertanian,168000,135555.90476190473,TESTING,-32444.095238095266,32444.095238095266,-19.311961451247182,19.311961451247182,"Rp 168,000","Rp 135,556","Rp -32,444"
Z229,Ulee Blang,4.97331,97.76081,2025,Pertanian,108000,104803.6111111111,TESTING,-3196.388888888905,3196.388888888905,-2.959619341563801,2.959619341563801,"Rp 108,000","Rp 104,804","Rp -3,196"
Z335,Teupin Batee,4.96757,97.74699,2023,Pertanian,148000,134621.74999999997,TESTING,-13378.25000000003,13378.25000000003,-9.039358108108129,9.039358108108129,"Rp 148,000","Rp 134,622","Rp -13,378"
Z305,Matang Rayeuk (PR),4.93219,97.79798,2023,Pemukiman,225000,212633.8180708181,TESTING,-12366.181929181912,12366.181929181912,-5.496080857414183,5.496080857414183,"Rp 225,000","Rp 212,634","Rp -12,366"
Z284,Kampung Jalan,4.96262,97.75781,2023,Pemukiman,390000,392384.42460317456,TESTING,2384.424603174557,2384.424603174557,0.6113909238909121,0.6113909238909121,"Rp 390,000","Rp 392,384","Rp 2,384"
Z156,Gampong Aceh,4.94902,97.76716,2024,Pertanian,245000,232006.52777777772,TESTING,-12993.472222222277,12993.472222222277,-5.303458049886644,5.303458049886644,"Rp 245,000","Rp 232,007","Rp -12,993"
