id_zona,nama_kelurahan,koordinat_latitude,koordinat_longitude,nomor_zona,luas_zona_m2,nilai_tanah_per_m2,jenis_penggunaan_lahan,jarak_pusat_kota_km,elevasi_mdpl,kemiringan_lereng_persen,kepadatan_penduduk_km2,jarak_jalan_utama_m,jarak_sekolah_m,jarak_puskesmas_m,jarak_pasar_m,status_listrik,status_air_bersih,aksesibilitas_skor,tahun_data,kelas_nilai_tanah,nama_kelurahan_encoded,jenis_penggunaan_lahan_encoded,jarak_pusat_kategori,jarak_pusat_kategori_encoded,aksesibilitas_kategori,aksesibilitas_kategori_encoded
Z013,Alue Dua Muka O,4.976455,97.749566,113,850,285000,Pertanian,3.2,45,8.5,480,350,1200,1450,2100,0,0,4.8,2023,"278,933 - 309,066",0,2,Sedang,3,Sedang,2
Z128,Alue Dua Muka O,4.976455,97.749566,240,520,395000,Pemukiman,1.9,30,4.5,820,130,490,590,1020,1,0,7.1,2023,"369,333 - 399,466",0,1,Dekat,0,Tinggi,3
Z245,Alue Dua Muka O,4.976455,97.749566,369,3380,93000,Pertanian,11.9,126,28.6,70,1980,5280,6020,9450,0,0,0.1,2023,"68,000 - 98,133",0,2,Jauh,1,Rendah,0
Z362,Alue Dua Muka O,4.976455,97.749566,498,3280,78000,Pertanian,1.6,23,4.7,580,270,750,950,1620,1,0,6.0,2023,"68,000 - 98,133",0,2,Dekat,0,Sedang,2
Z016,Alue Dua Muka S,4.975852,97.746353,116,750,220000,Pertanian,4.5,55,10.8,350,580,1650,1950,3200,0,0,3.5,2023,"218,666 - 248,800",1,2,Sedang,3,Sedang,2
Z131,Alue Dua Muka S,4.975852,97.746353,243,2020,138000,Pertanian,7.1,75,16.5,170,1120,2950,3550,5750,0,0,1.8,2023,"128,266 - 158,400",1,2,Jauh,1,Rendah,0
Z248,Alue Dua Muka S,4.975852,97.746353,372,780,425000,Komersial,1.4,25,3.7,1220,85,250,300,620,1,1,7.4,2023,"399,466 - 429,600",1,0,Dekat,0,Tinggi,3
Z019,Bantayan Timur,4.939803,97.75776,119,620,365000,Pemukiman,1.8,30,4.8,890,150,520,620,980,1,0,7.0,2023,"339,200 - 369,333",2,1,Dekat,0,Tinggi,3
Z134,Bantayan Timur,4.939803,97.75776,246,920,285000,Pemukiman,3.0,40,6.5,620,250,720,860,1480,1,0,5.3,2023,"278,933 - 309,066",2,1,Dekat,0,Sedang,2
Z251,Bantayan Timur,4.939803,97.75776,375,1520,260000,Pemukiman,3.8,53,8.6,540,390,1020,1250,2050,0,0,4.9,2023,"248,800 - 278,933",2,1,Sedang,3,Sedang,2
Z365,Bantayan Timur,4.939803,97.75776,501,1550,215000,Pertanian,5.8,73,13.3,240,820,2150,2620,4050,0,0,2.3,2023,"188,533 - 218,666",2,2,Sedang,3,Rendah,0
Z004,Blang Geulumpang,4.955553,97.779802,104,650,425000,Pemukiman,0.7,22,3.2,1280,60,280,320,600,1,1,8.5,2023,"399,466 - 429,600",3,1,Sangat Dekat,2,Sangat Tinggi,1
Z119,Blang Geulumpang,4.955553,97.779802,231,1180,260000,Pertanian,4.2,55,9.4,380,490,1380,1680,2720,0,0,3.8,2023,"248,800 - 278,933",3,2,Sedang,3,Sedang,2
Z236,Blang Geulumpang,4.955553,97.779802,360,1480,200000,Pertanian,6.8,82,14.9,180,1020,2780,3380,5150,0,0,1.8,2023,"188,533 - 218,666",3,2,Jauh,1,Rendah,0
Z353,Blang Geulumpang,4.955553,97.779802,489,2350,125000,Pertanian,7.8,93,18.1,140,1280,3550,4250,6350,0,0,0.8,2023,"98,133 - 128,266",3,2,Jauh,1,Rendah,0
Z022,Buket Jok,4.957622,97.727797,122,1280,185000,Pertanian,5.8,68,13.9,230,850,2420,2850,4500,0,0,2.4,2023,"158,400 - 188,533",4,2,Sedang,3,Rendah,0
Z137,Buket Jok,4.957622,97.727797,249,1050,250000,Pemukiman,5.1,64,10.8,290,630,1620,1950,3150,0,0,3.1,2023,"248,800 - 278,933",4,1,Sedang,3,Sedang,2
Z254,Buket Jok,4.957622,97.727797,378,1780,175000,Pertanian,6.0,75,13.9,220,880,2350,2880,4450,0,0,2.0,2023,"158,400 - 188,533",4,2,Sedang,3,Rendah,0
Z368,Buket Jok,4.957622,97.727797,504,2080,125000,Pertanian,4.0,49,10.1,320,580,1650,2020,3250,0,0,4.1,2023,"98,133 - 128,266",4,2,Sedang,3,Sedang,2
Z025,Buket Juara,4.955677,97.754384,125,720,325000,Pemukiman,2.4,38,5.9,720,220,650,780,1350,1,0,6.1,2023,"309,066 - 339,200",5,1,Dekat,0,Tinggi,3
Z140,Buket Juara,4.955677,97.754384,252,1720,140000,Pertanian,8.4,90,19.6,145,1420,3850,4550,6850,0,0,1.3,2023,"128,266 - 158,400",5,2,Jauh,1,Rendah,0
Z257,Buket Juara,4.955677,97.754384,381,2050,152000,Pertanian,9.2,97,20.2,120,1480,4050,4850,7350,0,0,0.7,2023,"128,266 - 158,400",5,2,Jauh,1,Rendah,0
Z371,Buket Juara,4.955677,97.754384,507,1020,320000,Pemukiman,1.4,23,3.6,1020,90,400,490,850,1,0,7.7,2023,"309,066 - 339,200",5,1,Dekat,0,Tinggi,3
Z028,Buket Langa,4.96203,97.74058,128,1980,135000,Pertanian,8.5,92,19.8,130,1320,3620,4280,6650,0,0,1.2,2023,"128,266 - 158,400",6,2,Jauh,1,Rendah,0
Z143,Buket Langa,4.96203,97.74058,255,2780,112000,Pertanian,10.6,113,25.4,95,1720,4480,5280,8250,0,0,0.5,2023,"98,133 - 128,266",6,2,Jauh,1,Rendah,0
Z260,Buket Langa,4.96203,97.74058,384,1250,295000,Pemukiman,1.5,25,3.8,1020,95,420,520,920,1,0,7.6,2023,"278,933 - 309,066",6,1,Dekat,0,Tinggi,3
Z374,Buket Langa,4.96203,97.74058,510,850,340000,Pemukiman,1.3,23,3.6,980,80,370,450,780,1,0,7.8,2023,"339,200 - 369,333",6,1,Dekat,0,Tinggi,3
Z031,Buket Meulinteung,4.967052,97.730316,131,2150,125000,Pertanian,9.2,98,21.5,120,1450,3850,4550,7200,0,0,1.0,2023,"98,133 - 128,266",7,2,Jauh,1,Rendah,0
Z146,Buket Meulinteung,4.967052,97.730316,258,2920,102000,Pertanian,11.0,117,26.5,85,1850,4880,5620,8750,0,0,0.4,2023,"98,133 - 128,266",7,2,Jauh,1,Rendah,0
Z263,Buket Meulinteung,4.967052,97.730316,387,2580,118000,Pertanian,3.7,44,9.1,330,560,1620,1980,3250,0,0,3.9,2023,"98,133 - 128,266",7,2,Sedang,3,Sedang,2
Z377,Buket Meulinteung,4.967052,97.730316,513,2520,118000,Pertanian,5.0,54,11.4,260,750,2050,2520,4150,0,0,3.2,2023,"98,133 - 128,266",7,2,Sedang,3,Sedang,2
Z034,Buket Pala,4.953684,97.758295,134,820,195000,Pemukiman,5.2,58,11.5,320,620,1780,2150,3450,0,0,3.2,2023,"188,533 - 218,666",8,1,Sedang,3,Sedang,2
Z149,Buket Pala,4.953684,97.758295,261,520,465000,Komersial,0.8,19,2.8,1420,55,180,230,480,1,1,8.3,2023,"459,733 - 489,866",8,0,Sangat Dekat,2,Sangat Tinggi,1
Z266,Buket Pala,4.953684,97.758295,390,2820,98000,Pertanian,4.7,51,10.5,280,680,1950,2420,3950,0,0,3.5,2023,"68,000 - 98,133",8,2,Sedang,3,Sedang,2
Z380,Buket Pala,4.953684,97.758295,516,1320,240000,Pemukiman,4.6,58,9.9,420,460,1320,1620,2580,0,0,3.6,2023,"218,666 - 248,800",8,1,Sedang,3,Sedang,2
Z037,Dama Pulo,4.94688,97.75347,137,620,315000,Pemukiman,2.8,38,6.2,650,250,750,890,1480,1,0,5.5,2023,"309,066 - 339,200",9,1,Dekat,0,Sedang,2
Z152,Dama Pulo,4.94688,97.75347,264,1150,295000,Pemukiman,2.0,33,5.2,920,170,590,690,1180,1,0,6.9,2023,"278,933 - 309,066",9,1,Dekat,0,Tinggi,3
Z269,Dama Pulo,4.94688,97.75347,393,1780,142000,Pemukiman,9.4,100,21.6,110,1520,4250,5150,7750,0,0,0.4,2023,"128,266 - 158,400",9,1,Jauh,1,Rendah,0
Z383,Dama Pulo,4.94688,97.75347,519,1480,200000,Pertanian,6.8,82,14.9,180,1020,2780,3380,5150,0,0,1.8,2023,"188,533 - 218,666",9,2,Jauh,1,Rendah,0
Z040,Gampong Aceh,4.94902,97.76716,140,950,185000,Pemukiman,6.5,75,15.2,220,1020,2850,3350,5150,0,0,2.2,2023,"158,400 - 188,533",10,1,Jauh,1,Rendah,0
Z155,Gampong Aceh,4.94902,97.76716,267,1420,225000,Pertanian,4.4,57,9.8,360,520,1420,1720,2780,0,0,3.7,2023,"218,666 - 248,800",10,2,Sedang,3,Sedang,2
Z272,Gampong Aceh,4.94902,97.76716,396,1720,168000,Pertanian,7.1,84,15.6,170,1080,2950,3620,5450,0,0,1.5,2023,"158,400 - 188,533",10,2,Jauh,1,Rendah,0
Z386,Gampong Aceh,4.94902,97.76716,522,2150,115000,Pertanian,9.3,96,22.4,115,1580,4350,5150,7650,0,0,0.8,2023,"98,133 - 128,266",10,2,Jauh,1,Rendah,0
Z043,Gampong Jalan,4.96279,97.75944,143,580,335000,Pemukiman,2.8,40,6.1,680,230,680,820,1380,1,0,6.0,2023,"309,066 - 339,200",11,1,Dekat,0,Sedang,2
Z158,Gampong Jalan,4.96279,97.75944,270,1650,190000,Pertanian,7.3,79,16.0,190,1080,3150,3780,5750,0,0,1.9,2023,"188,533 - 218,666",11,2,Jauh,1,Rendah,0
Z275,Gampong Jalan,4.96279,97.75944,399,2120,108000,Pertanian,9.0,94,21.5,125,1520,4150,4920,7350,0,0,0.9,2023,"98,133 - 128,266",11,2,Jauh,1,Rendah,0
Z389,Gampong Jalan,4.96279,97.75944,525,3350,102000,Pertanian,11.5,122,27.5,80,1880,4880,5780,8850,0,0,0.2,2023,"98,133 - 128,266",11,2,Jauh,1,Rendah,0
Z046,Gureb Blang,4.95253,97.74776,146,1080,175000,Pertanian,6.8,65,13.8,250,820,2350,2750,4200,0,0,2.8,2023,"158,400 - 188,533",12,2,Jauh,1,Rendah,0
Z161,Gureb Blang,4.95253,97.74776,273,850,330000,Pemukiman,2.5,38,5.8,720,200,650,780,1320,1,0,6.4,2023,"309,066 - 339,200",12,1,Dekat,0,Tinggi,3
Z278,Gureb Blang,4.95253,97.74776,402,1080,320000,Pemukiman,1.3,22,3.5,1020,85,380,470,820,1,0,7.8,2023,"309,066 - 339,200",12,1,Dekat,0,Tinggi,3
Z392,Gureb Blang,4.95253,97.74776,528,3380,93000,Pertanian,11.9,126,28.6,70,1980,5280,6020,9450,0,0,0.1,2023,"68,000 - 98,133",12,2,Jauh,1,Rendah,0
Z049,Kampung Blang,4.94808,97.77047,149,420,395000,Pemukiman,1.8,28,4.1,850,140,480,580,950,1,1,7.2,2023,"369,333 - 399,466",13,1,Dekat,0,Tinggi,3
Z164,Kampung Blang,4.94808,97.77047,276,2050,145000,Pertanian,5.8,65,14.4,215,920,2580,3120,5050,0,0,2.3,2023,"128,266 - 158,400",13,2,Sedang,3,Rendah,0
Z281,Kampung Blang,4.94808,97.77047,405,3750,83000,Pertanian,12.6,133,30.1,60,2080,5680,6420,10050,0,0,0.0,2023,"68,000 - 98,133",13,2,Jauh,1,,4
Z395,Kampung Blang,4.94808,97.77047,531,780,425000,Komersial,1.4,25,3.7,1220,85,250,300,620,1,1,7.4,2023,"399,466 - 429,600",13,0,Dekat,0,Tinggi,3
Z052,Kampung Jalan,4.96262,97.75781,152,520,455000,Pemukiman,0.6,19,2.7,1380,50,180,230,480,1,1,8.7,2023,"429,600 - 459,733",14,1,Sangat Dekat,2,Sangat Tinggi,1
Z167,Kampung Jalan,4.96262,97.75781,279,2320,120000,Pertanian,6.8,72,15.8,165,1080,2850,3450,5550,0,0,1.7,2023,"98,133 - 128,266",14,2,Jauh,1,Rendah,0
Z284,Kampung Jalan,4.96262,97.75781,408,980,390000,Pemukiman,1.6,25,3.9,1020,100,390,480,850,1,1,7.4,2023,"369,333 - 399,466",14,1,Dekat,0,Tinggi,3
Z398,Kampung Jalan,4.96262,97.75781,534,1520,260000,Pemukiman,3.8,53,8.6,540,390,1020,1250,2050,0,0,4.9,2023,"248,800 - 278,933",14,1,Sedang,3,Sedang,2
Z007,Kampung Jawa,4.950312,97.77408,107,1100,285000,Pertanian,2.0,32,5.8,720,180,680,750,1200,1,0,6.8,2023,"278,933 - 309,066",15,2,Dekat,0,Tinggi,3
Z122,Kampung Jawa,4.950312,97.77408,234,1720,155000,Pertanian,6.1,70,14.5,210,920,2580,3050,4780,0,0,2.4,2023,"128,266 - 158,400",15,2,Jauh,1,Rendah,0
Z239,Kampung Jawa,4.950312,97.77408,363,2150,115000,Pertanian,9.3,96,22.4,115,1580,4350,5150,7650,0,0,0.8,2023,"98,133 - 128,266",15,2,Jauh,1,Rendah,0
Z356,Kampung Jawa,4.950312,97.77408,492,2650,108000,Pertanian,11.0,119,24.8,70,1880,5150,6050,9050,0,0,0.0,2023,"98,133 - 128,266",15,2,Jauh,1,,4
Z055,Kampung Tanjong,4.95043,97.77991,155,620,440000,Pemukiman,1.0,23,3.5,1220,80,290,350,650,1,1,8.0,2023,"429,600 - 459,733",16,1,Sangat Dekat,2,Tinggi,3
Z170,Kampung Tanjong,4.95043,97.77991,282,1320,182000,Pemukiman,7.6,82,16.9,170,1120,3050,3680,5750,0,0,1.5,2023,"158,400 - 188,533",16,1,Jauh,1,Rendah,0
Z287,Kampung Tanjong,4.95043,97.77991,411,1750,225000,Pemukiman,4.0,55,8.9,520,420,1050,1280,2120,0,0,4.8,2023,"218,666 - 248,800",16,1,Sedang,3,Sedang,2
Z401,Kampung Tanjong,4.95043,97.77991,537,1780,175000,Pertanian,6.0,75,13.9,220,880,2350,2880,4450,0,0,2.0,2023,"158,400 - 188,533",16,2,Sedang,3,Rendah,0
Z058,Ketapang Dua,4.92212,97.79712,158,920,285000,Pemukiman,3.1,43,7.5,520,330,980,1180,1920,0,0,5.0,2023,"278,933 - 309,066",17,1,Sedang,3,Sedang,2
Z173,Ketapang Dua,4.92212,97.79712,285,1320,220000,Pertanian,5.4,66,11.4,270,680,1750,2120,3450,0,0,2.9,2023,"218,666 - 248,800",17,2,Sedang,3,Rendah,0
Z290,Ketapang Dua,4.92212,97.79712,414,1250,375000,Pemukiman,1.6,27,4.1,1120,105,360,440,820,1,1,7.3,2023,"369,333 - 399,466",17,1,Dekat,0,Tinggi,3
Z404,Ketapang Dua,4.92212,97.79712,540,2050,152000,Pertanian,9.2,97,20.2,120,1480,4050,4850,7350,0,0,0.7,2023,"128,266 - 158,400",17,2,Jauh,1,Rendah,0
Z061,Keude Aceh,4.95213,97.767995,161,1580,170000,Pertanian,6.5,74,15.5,190,980,2780,3250,5080,0,0,2.0,2023,"158,400 - 188,533",18,2,Jauh,1,Rendah,0
Z176,Keude Aceh,4.95213,97.767995,288,1680,148000,Pertanian,8.1,88,19.2,150,1350,3680,4350,6550,0,0,1.4,2023,"128,266 - 158,400",18,2,Jauh,1,Rendah,0
Z293,Keude Aceh,4.95213,97.767995,417,2380,125000,Pertanian,9.5,99,21.3,110,1520,4150,5050,7550,0,0,0.5,2023,"98,133 - 128,266",18,2,Jauh,1,Rendah,0
Z407,Keude Aceh,4.95213,97.767995,543,1250,295000,Pemukiman,1.5,25,3.8,1020,95,420,520,920,1,0,7.6,2023,"278,933 - 309,066",18,1,Dekat,0,Tinggi,3
Z001,Keude Blang,5.018745,97.642446,101,450,485000,Komersial,0.2,12,1.8,1580,25,120,200,350,1,1,9.5,2023,"459,733 - 489,866",19,0,Sangat Dekat,2,Sangat Tinggi,1
Z116,Keude Blang,5.018745,97.642446,228,850,405000,Pemukiman,1.1,24,3.6,1180,95,320,390,680,1,1,7.8,2023,"399,466 - 429,600",19,1,Dekat,0,Tinggi,3
Z233,Keude Blang,5.018745,97.642446,357,1320,240000,Pemukiman,4.6,58,9.9,420,460,1320,1620,2580,0,0,3.6,2023,"218,666 - 248,800",19,1,Sedang,3,Sedang,2
Z350,Keude Blang,5.018745,97.642446,486,2050,205000,Pemukiman,5.5,71,12.4,360,670,1580,1980,3250,0,0,3.3,2023,"188,533 - 218,666",19,1,Sedang,3,Sedang,2
Z064,Keutapang Mameh,4.965023,97.771706,164,580,350000,Pemukiman,2.0,31,4.9,820,160,550,660,1150,1,0,6.7,2023,"339,200 - 369,333",20,1,Dekat,0,Tinggi,3
Z179,Keutapang Mameh,4.965023,97.771706,291,750,350000,Pemukiman,2.1,30,4.7,820,140,500,610,1050,1,0,7.0,2023,"339,200 - 369,333",20,1,Dekat,0,Tinggi,3
Z296,Keutapang Mameh,4.965023,97.771706,420,2280,115000,Pertanian,2.2,31,6.6,520,300,920,1150,1920,1,0,5.8,2023,"98,133 - 128,266",20,2,Dekat,0,Sedang,2
Z410,Keutapang Mameh,4.965023,97.771706,546,2580,118000,Pertanian,3.7,44,9.1,330,560,1620,1980,3250,0,0,3.9,2023,"98,133 - 128,266",20,2,Sedang,3,Sedang,2
Z067,Lhok Asahan,4.91815,97.78819,170,1920,135000,Pertanian,8.5,89,19.5,145,1350,3550,4220,6750,0,0,1.3,2023,"128,266 - 158,400",21,2,Jauh,1,Rendah,0
Z182,Lhok Asahan,4.91815,97.78819,297,680,420000,Pemukiman,2.0,30,4.6,850,130,450,550,950,1,1,7.1,2023,"399,466 - 429,600",21,1,Dekat,0,Tinggi,3
Z299,Lhok Asahan,4.91815,97.78819,426,1050,335000,Pemukiman,0.2,11,1.9,1350,30,180,240,420,1,0,8.9,2023,"309,066 - 339,200",21,1,Sangat Dekat,2,Sangat Tinggi,1
Z413,Lhok Asahan,4.91815,97.78819,552,1780,142000,Pemukiman,9.4,100,21.6,110,1520,4250,5150,7750,0,0,0.4,2023,"128,266 - 158,400",21,1,Jauh,1,Rendah,0
Z070,Matang Bungong,4.92757,97.80742,173,680,305000,Pemukiman,3.0,40,6.5,620,260,780,930,1580,1,0,5.3,2023,"278,933 - 309,066",22,1,Dekat,0,Sedang,2
Z185,Matang Bungong,4.92757,97.80742,300,1350,265000,Pemukiman,2.5,39,6.2,780,220,680,820,1420,1,0,6.3,2023,"248,800 - 278,933",22,1,Dekat,0,Tinggi,3
Z302,Matang Bungong,4.92757,97.80742,429,2050,115000,Pemukiman,9.7,102,22.7,105,1580,4350,5350,7950,0,0,0.2,2023,"98,133 - 128,266",22,1,Jauh,1,Rendah,0
Z416,Matang Bungong,4.92757,97.80742,555,1720,168000,Pertanian,7.1,84,15.6,170,1080,2950,3620,5450,0,0,1.5,2023,"158,400 - 188,533",22,2,Jauh,1,Rendah,0
Z073,Matang Rayeuk (PR),4.93219,97.79798,176,820,270000,Pemukiman,4.2,52,8.5,390,450,1220,1450,2380,0,0,4.1,2023,"248,800 - 278,933",23,1,Sedang,3,Sedang,2
Z188,Matang Rayeuk (PR),4.93219,97.79798,303,850,405000,Pemukiman,0.4,17,2.7,1380,55,220,280,520,1,1,8.7,2023,"399,466 - 429,600",23,1,Sangat Dekat,2,Sangat Tinggi,1
Z305,Matang Rayeuk (PR),4.93219,97.79798,432,1520,225000,Pemukiman,6.1,74,13.1,280,750,2150,2650,4150,0,0,2.1,2023,"218,666 - 248,800",23,1,Jauh,1,Rendah,0
Z419,Matang Rayeuk (PR),4.93219,97.79798,558,2120,108000,Pertanian,9.0,94,21.5,125,1520,4150,4920,7350,0,0,0.9,2023,"98,133 - 128,266",23,2,Jauh,1,Rendah,0
Z076,Matang Rayeuk (SMK),4.9215,97.81222,179,1450,148000,Pertanian,7.9,87,18.1,165,1280,3520,4180,6250,0,0,1.5,2023,"128,266 - 158,400",24,2,Jauh,1,Rendah,0
Z191,Matang Rayeuk (SMK),4.9215,97.81222,306,1920,165000,Pertanian,7.6,81,16.7,180,1150,3250,3920,5950,0,0,1.6,2023,"158,400 - 188,533",24,2,Jauh,1,Rendah,0
Z308,Matang Rayeuk (SMK),4.9215,97.81222,435,2180,102000,Pemukiman,8.7,88,21.0,130,1420,3850,4650,7050,0,0,0.9,2023,"98,133 - 128,266",24,1,Jauh,1,Rendah,0
Z422,Matang Rayeuk (SMK),4.9215,97.81222,561,1080,320000,Pemukiman,1.3,22,3.5,1020,85,380,470,820,1,0,7.8,2023,"309,066 - 339,200",24,1,Dekat,0,Tinggi,3
Z079,Meunasah Jeumpa,4.92158,97.78055,182,2480,118000,Pertanian,10.1,108,24.2,105,1650,4280,5080,7850,0,0,0.7,2023,"98,133 - 128,266",25,2,Jauh,1,Rendah,0
Z194,Meunasah Jeumpa,4.92158,97.78055,309,1780,152000,Pertanian,4.3,52,10.8,300,620,1780,2150,3450,0,0,3.8,2023,"128,266 - 158,400",25,2,Sedang,3,Sedang,2
Z311,Meunasah Jeumpa,4.92158,97.78055,438,1280,295000,Pemukiman,1.4,23,3.6,1020,95,420,520,920,1,0,7.7,2023,"278,933 - 309,066",25,1,Dekat,0,Tinggi,3
Z425,Meunasah Jeumpa,4.92158,97.78055,564,3750,83000,Pertanian,12.6,133,30.1,60,2080,5680,6420,10050,0,0,0.0,2023,"68,000 - 98,133",25,2,Jauh,1,,4
Z082,Meunasah Puuk,4.94269,97.76313,185,2650,108000,Pertanian,10.4,111,25.2,95,1750,4580,5320,8250,0,0,0.6,2023,"98,133 - 128,266",26,2,Jauh,1,Rendah,0
Z197,Meunasah Puuk,4.94269,97.76313,312,2320,128000,Pertanian,5.5,62,13.6,220,850,2450,2980,4750,0,0,2.4,2023,"98,133 - 128,266",26,2,Sedang,3,Rendah,0
Z314,Meunasah Puuk,4.94269,97.76313,441,2280,118000,Pertanian,9.2,81,18.8,170,1250,3180,3750,5750,0,0,2.0,2023,"98,133 - 128,266",26,2,Jauh,1,Rendah,0
Z428,Meunasah Puuk,4.94269,97.76313,567,980,390000,Pemukiman,1.6,25,3.9,1020,100,390,480,850,1,1,7.4,2023,"369,333 - 399,466",26,1,Dekat,0,Tinggi,3
Z085,Seuneubok Bacee,4.935716,97.781945,191,820,315000,Pemukiman,1.6,29,4.6,980,130,500,580,980,1,0,7.4,2023,"309,066 - 339,200",27,1,Dekat,0,Tinggi,3
Z200,Seuneubok Bacee,4.935716,97.781945,318,1580,155000,Pemukiman,7.9,84,17.6,160,1180,3150,3820,5950,0,0,1.4,2023,"128,266 - 158,400",27,1,Jauh,1,Rendah,0
Z317,Seuneubok Bacee,4.935716,97.781945,447,980,410000,Komersial,1.9,31,4.7,1080,115,350,420,880,1,1,6.6,2023,"399,466 - 429,600",27,0,Dekat,0,Tinggi,3
Z431,Seuneubok Bacee,4.935716,97.781945,573,1250,375000,Pemukiman,1.6,27,4.1,1120,105,360,440,820,1,1,7.3,2023,"369,333 - 399,466",27,1,Dekat,0,Tinggi,3
Z088,Seuneubok Rambong,4.94039,97.78733,200,720,340000,Pemukiman,2.2,33,5.1,780,170,580,700,1200,1,0,6.6,2023,"339,200 - 369,333",28,1,Dekat,0,Tinggi,3
Z203,Seuneubok Rambong,4.94039,97.78733,327,920,325000,Pemukiman,2.3,33,5.2,780,160,540,650,1150,1,0,6.8,2023,"309,066 - 339,200",28,1,Dekat,0,Tinggi,3
Z320,Seuneubok Rambong,4.94039,97.78733,456,2650,85000,Pertanian,2.0,29,5.9,580,280,820,1020,1720,1,0,6.2,2023,"68,000 - 98,133",28,2,Dekat,0,Tinggi,3
Z434,Seuneubok Rambong,4.94039,97.78733,582,2950,92000,Pertanian,3.4,41,8.1,370,480,1320,1620,2680,0,0,4.2,2023,"68,000 - 98,133",28,2,Sedang,3,Sedang,2
Z089,Seuneubok Teungoh (PR),4.88843,97.80519,201,2120,138000,Pertanian,7.2,79,17.5,170,1120,3150,3750,5950,0,0,1.7,2023,"128,266 - 158,400",29,2,Jauh,1,Rendah,0
Z206,Seuneubok Teungoh (PR),4.88843,97.80519,330,1820,142000,Pertanian,8.3,75,16.7,200,1050,2850,3420,5150,0,0,2.3,2023,"128,266 - 158,400",29,2,Jauh,1,Rendah,0
Z323,Seuneubok Teungoh (PR),4.88843,97.80519,459,1580,290000,Pemukiman,0.4,13,2.0,1380,40,220,280,520,1,0,8.7,2023,"278,933 - 309,066",29,1,Sangat Dekat,2,Sangat Tinggi,1
Z437,Seuneubok Teungoh (PR),4.88843,97.80519,585,1050,335000,Pemukiman,0.2,11,1.9,1350,30,180,240,420,1,0,8.9,2023,"309,066 - 339,200",29,1,Sangat Dekat,2,Sangat Tinggi,1
Z092,Seuneubok Teungoh (SMK),4.92726,97.79034,204,650,370000,Pemukiman,2.3,35,5.2,720,170,580,690,1180,1,0,6.6,2023,"369,333 - 399,466",30,1,Dekat,0,Tinggi,3
Z209,Seuneubok Teungoh (SMK),4.92726,97.79034,333,820,395000,Pemukiman,2.2,32,4.9,850,140,490,590,1020,1,1,7.0,2023,"369,333 - 399,466",30,1,Dekat,0,Tinggi,3
Z326,Seuneubok Teungoh (SMK),4.92726,97.79034,462,1350,305000,Pemukiman,0.3,12,2.1,1320,35,200,260,480,1,0,8.8,2023,"278,933 - 309,066",30,1,Sangat Dekat,2,Sangat Tinggi,1
Z440,Seuneubok Teungoh (SMK),4.92726,97.79034,588,2050,115000,Pemukiman,9.7,102,22.7,105,1580,4350,5350,7950,0,0,0.2,2023,"98,133 - 128,266",30,1,Jauh,1,Rendah,0
Z095,Seuneubok Tutong,4.9136,97.7271,207,1120,182000,Pemukiman,6.1,66,13.4,260,780,2180,2650,4250,0,0,2.7,2023,"158,400 - 188,533",31,1,Jauh,1,Rendah,0
Z212,Seuneubok Tutong,4.9393,97.7572,336,720,440000,Pemukiman,1.3,26,3.8,1220,80,240,290,620,1,1,7.5,2023,"429,600 - 459,733",31,1,Dekat,0,Tinggi,3
Z329,Seuneubok Tutong,4.9604,97.7795,465,3120,88000,Pertanian,2.9,33,6.4,470,420,1150,1450,2420,0,0,5.1,2023,"68,000 - 98,133",31,2,Dekat,0,Sedang,2
Z443,Seuneubok Tutong,4.9237,97.7384,591,1520,225000,Pemukiman,6.1,74,13.1,280,750,2150,2650,4150,0,0,2.1,2023,"218,666 - 248,800",31,1,Jauh,1,Rendah,0
Z098,Tanjong Kapai,4.965897,97.762578,210,720,310000,Pemukiman,2.6,35,5.8,720,210,680,810,1380,1,0,5.7,2023,"309,066 - 339,200",32,1,Dekat,0,Sedang,2
Z215,Tanjong Kapai,4.965897,97.762578,339,1050,375000,Pemukiman,0.5,18,2.8,1320,60,200,250,480,1,1,8.6,2023,"369,333 - 399,466",32,1,Sangat Dekat,2,Sangat Tinggi,1
Z332,Tanjong Kapai,4.965897,97.762578,468,1780,195000,Pemukiman,6.4,76,13.8,260,820,2250,2750,4350,0,0,1.8,2023,"188,533 - 218,666",32,1,Jauh,1,Rendah,0
Z446,Tanjong Kapai,4.965897,97.762578,594,2180,102000,Pemukiman,8.7,88,21.0,130,1420,3850,4650,7050,0,0,0.9,2023,"98,133 - 128,266",32,1,Jauh,1,Rendah,0
Z010,Tanoh Anou,4.943832,97.777176,110,420,460000,Pemukiman,0.8,20,2.9,1320,70,240,290,520,1,1,8.3,2023,"459,733 - 489,866",33,1,Sangat Dekat,2,Sangat Tinggi,1
Z125,Tanoh Anou,4.943832,97.777176,237,780,340000,Pemukiman,2.4,36,5.6,750,190,620,750,1280,1,0,6.5,2023,"339,200 - 369,333",33,1,Dekat,0,Tinggi,3
Z242,Tanoh Anou,4.943832,97.777176,366,3350,102000,Pertanian,11.5,122,27.5,80,1880,4880,5780,8850,0,0,0.2,2023,"98,133 - 128,266",33,2,Jauh,1,Rendah,0
Z359,Tanoh Anou,4.943832,97.777176,495,1820,265000,Pemukiman,0.5,14,2.3,1350,45,240,310,550,1,0,8.6,2023,"248,800 - 278,933",33,1,Sangat Dekat,2,Sangat Tinggi,1
Z101,Teupin Batee,4.96757,97.74699,213,1220,170000,Pemukiman,7.0,77,16.5,190,1080,2980,3520,5380,0,0,2.0,2023,"158,400 - 188,533",34,1,Jauh,1,Rendah,0
Z218,Teupin Batee,4.96757,97.74699,342,1550,215000,Pertanian,5.8,73,13.3,240,820,2150,2620,4050,0,0,2.3,2023,"188,533 - 218,666",34,2,Sedang,3,Rendah,0
Z335,Teupin Batee,4.96757,97.74699,471,1950,148000,Pertanian,8.6,100,19.2,120,1420,3950,4750,7150,0,0,0.4,2023,"128,266 - 158,400",34,2,Jauh,1,Rendah,0
Z449,Teupin Batee,4.96757,97.74699,597,1280,295000,Pemukiman,1.4,23,3.6,1020,95,420,520,920,1,0,7.7,2023,"278,933 - 309,066",34,1,Dekat,0,Tinggi,3
Z104,Titi Baro,4.93328,97.78364,216,720,355000,Pemukiman,2.6,36,5.7,750,190,620,750,1280,1,0,6.4,2023,"339,200 - 369,333",35,1,Dekat,0,Tinggi,3
Z221,Titi Baro,4.93328,97.78364,345,2080,125000,Pertanian,4.0,49,10.1,320,580,1650,2020,3250,0,0,4.1,2023,"98,133 - 128,266",35,2,Sedang,3,Sedang,2
Z338,Titi Baro,4.93328,97.78364,474,2850,75000,Pertanian,10.2,102,25.0,95,1780,4950,5880,8650,0,0,0.3,2023,"68,000 - 98,133",35,2,Jauh,1,Rendah,0
Z452,Titi Baro,4.93328,97.78364,600,2280,118000,Pertanian,9.2,81,18.8,170,1250,3180,3750,5750,0,0,2.0,2023,"98,133 - 128,266",35,2,Jauh,1,Rendah,0
Z107,Tualang Dalam,4.91532,97.78519,219,1380,162000,Pertanian,7.4,69,14.8,230,880,2550,3050,4580,0,0,2.6,2023,"158,400 - 188,533",36,2,Jauh,1,Rendah,0
Z224,Tualang Dalam,4.91532,97.78519,348,1020,320000,Pemukiman,1.4,23,3.6,1020,90,400,490,850,1,0,7.7,2023,"309,066 - 339,200",36,1,Dekat,0,Tinggi,3
Z341,Tualang Dalam,4.91532,97.78519,477,4050,89000,Pertanian,12.4,131,29.7,65,2080,5380,6280,9650,0,0,0.0,2023,"68,000 - 98,133",36,2,Jauh,1,,4
Z110,Ulee Blang,4.97331,97.76081,222,450,435000,Pemukiman,2.0,30,4.6,850,140,480,580,980,1,1,7.0,2023,"429,600 - 459,733",37,1,Dekat,0,Tinggi,3
Z227,Ulee Blang,4.97331,97.76081,351,850,340000,Pemukiman,1.3,23,3.6,980,80,370,450,780,1,0,7.8,2023,"339,200 - 369,333",37,1,Dekat,0,Tinggi,3
Z344,Ulee Blang,4.97331,97.76081,480,4020,84000,Pertanian,12.8,135,30.7,55,2150,5880,6620,10350,0,0,0.0,2023,"68,000 - 98,133",37,2,Jauh,1,,4
Z113,Ulee Gle,4.89797,97.7936,225,420,500000,Komersial,0.7,20,2.9,1380,50,190,240,520,1,1,8.4,2023,"489,866 - 520,000",38,0,Sangat Dekat,2,Sangat Tinggi,1
Z230,Ulee Gle,4.89797,97.7936,354,2520,118000,Pertanian,5.0,54,11.4,260,750,2050,2520,4150,0,0,3.2,2023,"98,133 - 128,266",38,2,Sedang,3,Sedang,2
Z347,Ulee Gle,4.89797,97.7936,483,1180,385000,Komersial,2.0,32,4.9,1080,120,360,430,920,1,1,6.5,2023,"369,333 - 399,466",38,0,Dekat,0,Tinggi,3
Z014,Alue Dua Muka O,4.976455,97.749566,114,1200,260000,Pertanian,3.6,50,9.2,420,420,1380,1620,2350,0,0,4.2,2024,"248,800 - 278,933",0,2,Sedang,3,Sedang,2
Z129,Alue Dua Muka O,4.976455,97.749566,241,620,380000,Pemukiman,2.2,34,5.1,760,160,550,660,1150,1,0,6.8,2024,"369,333 - 399,466",0,1,Dekat,0,Tinggi,3
Z246,Alue Dua Muka O,4.976455,97.749566,370,920,385000,Pemukiman,2.1,31,4.8,880,130,470,570,1020,1,1,6.9,2024,"369,333 - 399,466",0,1,Dekat,0,Tinggi,3
Z363,Alue Dua Muka O,4.976455,97.749566,499,1520,295000,Pemukiman,0.7,16,2.7,1220,55,260,330,620,1,0,8.4,2024,"278,933 - 309,066",0,1,Sangat Dekat,2,Sangat Tinggi,1
Z017,Alue Dua Muka S,4.975852,97.746353,117,950,195000,Pertanian,5.1,62,12.1,280,680,1920,2250,3650,0,0,2.9,2024,"188,533 - 218,666",1,2,Sedang,3,Rendah,0
Z132,Alue Dua Muka S,4.975852,97.746353,244,1280,175000,Pemukiman,6.7,72,14.8,220,920,2580,3120,4950,0,0,2.1,2024,"158,400 - 188,533",1,1,Jauh,1,Rendah,0
Z249,Alue Dua Muka S,4.975852,97.746353,373,720,445000,Komersial,1.5,27,4.0,1180,90,270,320,680,1,1,7.2,2024,"429,600 - 459,733",1,0,Dekat,0,Tinggi,3
Z020,Bantayan Timur,4.939803,97.75776,120,480,385000,Pemukiman,1.5,26,4.2,980,120,450,550,850,1,1,7.3,2024,"369,333 - 399,466",2,1,Dekat,0,Tinggi,3
Z135,Bantayan Timur,4.939803,97.75776,247,820,300000,Pemukiman,3.3,44,7.1,580,290,820,980,1650,0,0,5.0,2024,"278,933 - 309,066",2,1,Sedang,3,Sedang,2
Z252,Bantayan Timur,4.939803,97.75776,376,1180,365000,Pemukiman,0.9,22,3.3,1250,75,260,320,580,1,1,8.0,2024,"339,200 - 369,333",2,1,Sangat Dekat,2,Tinggi,3
Z366,Bantayan Timur,4.939803,97.75776,502,2050,152000,Pertanian,8.3,87,18.1,150,1280,3520,4250,6450,0,0,1.3,2024,"128,266 - 158,400",2,2,Jauh,1,Rendah,0
Z005,Blang Geulumpang,4.955553,97.779802,105,780,380000,Pemukiman,1.0,25,3.8,1150,85,350,400,750,1,1,8.1,2024,"369,333 - 399,466",3,1,Sangat Dekat,2,Sangat Tinggi,1
Z120,Blang Geulumpang,4.955553,97.779802,232,1650,185000,Pertanian,6.2,69,13.8,240,890,2550,3050,4750,0,0,2.6,2024,"158,400 - 188,533",3,2,Jauh,1,Rendah,0
Z237,Blang Geulumpang,4.955553,97.779802,361,1820,128000,Pemukiman,8.1,84,19.2,150,1320,3620,4280,6520,0,0,1.2,2024,"98,133 - 128,266",3,1,Jauh,1,Rendah,0
Z354,Blang Geulumpang,4.955553,97.779802,490,2250,142000,Pertanian,8.1,97,18.8,130,1350,3750,4450,6650,0,0,0.6,2024,"128,266 - 158,400",3,2,Jauh,1,Rendah,0
Z023,Buket Jok,4.957622,97.727797,123,1650,165000,Pertanian,6.8,78,16.2,180,1050,2980,3450,5300,0,0,1.8,2024,"158,400 - 188,533",4,2,Jauh,1,Rendah,0
Z138,Buket Jok,4.957622,97.727797,250,1350,165000,Pemukiman,7.2,78,17.1,180,1120,3050,3620,5550,0,0,1.9,2024,"158,400 - 188,533",4,1,Jauh,1,Rendah,0
Z255,Buket Jok,4.957622,97.727797,379,1680,192000,Pertanian,6.3,79,14.6,200,950,2580,3150,4750,0,0,1.7,2024,"188,533 - 218,666",4,2,Jauh,1,Rendah,0
Z369,Buket Jok,4.957622,97.727797,505,1950,142000,Pertanian,3.6,45,9.4,350,520,1480,1820,2950,0,0,4.4,2024,"128,266 - 158,400",4,2,Sedang,3,Sedang,2
Z026,Buket Juara,4.955677,97.754384,126,1820,145000,Pertanian,7.8,85,18.5,150,1180,3350,3950,6200,0,0,1.5,2024,"128,266 - 158,400",5,2,Jauh,1,Rendah,0
Z141,Buket Juara,4.955677,97.754384,253,780,345000,Pemukiman,2.5,35,5.5,720,180,590,710,1220,1,0,6.6,2024,"339,200 - 369,333",5,1,Dekat,0,Tinggi,3
Z258,Buket Juara,4.955677,97.754384,382,2250,112000,Pertanian,3.3,42,8.7,380,450,1320,1620,2650,0,0,4.7,2024,"98,133 - 128,266",5,2,Sedang,3,Sedang,2
Z372,Buket Juara,4.955677,97.754384,508,2520,118000,Pertanian,4.8,55,11.8,260,750,2150,2620,4250,0,0,3.0,2024,"98,133 - 128,266",5,2,Sedang,3,Rendah,0
Z029,Buket Langa,4.96203,97.74058,129,650,355000,Pemukiman,2.5,36,5.6,650,200,620,750,1250,1,0,6.3,2024,"339,200 - 369,333",6,1,Dekat,0,Tinggi,3
Z144,Buket Langa,4.96203,97.74058,256,1520,155000,Pertanian,7.7,71,15.4,220,920,2650,3180,4780,0,0,2.5,2024,"128,266 - 158,400",6,2,Jauh,1,Rendah,0
Z261,Buket Langa,4.96203,97.74058,385,1180,310000,Pemukiman,1.2,21,3.3,1120,80,360,440,820,1,0,7.9,2024,"309,066 - 339,200",6,1,Dekat,0,Tinggi,3
Z375,Buket Langa,4.96203,97.74058,511,780,355000,Pemukiman,1.0,19,3.1,1080,60,320,390,680,1,0,8.1,2024,"339,200 - 369,333",6,1,Sangat Dekat,2,Sangat Tinggi,1
Z032,Buket Meulinteung,4.967052,97.730316,132,1950,130000,Pertanian,8.8,95,20.2,135,1380,3680,4350,6950,0,0,1.1,2024,"128,266 - 158,400",7,2,Jauh,1,Rendah,0
Z147,Buket Meulinteung,4.967052,97.730316,259,580,425000,Pemukiman,2.1,32,4.9,820,140,470,570,980,1,1,6.9,2024,"399,466 - 429,600",7,1,Dekat,0,Tinggi,3
Z264,Buket Meulinteung,4.967052,97.730316,388,920,325000,Pemukiman,0.9,18,3.0,1080,65,300,370,650,1,0,8.2,2024,"309,066 - 339,200",7,1,Sangat Dekat,2,Sangat Tinggi,1
Z378,Buket Meulinteung,4.967052,97.730316,514,1720,142000,Pemukiman,8.5,90,19.0,140,1320,3620,4380,6650,0,0,1.0,2024,"128,266 - 158,400",7,1,Jauh,1,Rendah,0
Z035,Buket Pala,4.953684,97.758295,135,680,205000,Pemukiman,4.8,54,10.8,350,580,1650,2000,3250,0,0,3.5,2024,"188,533 - 218,666",8,1,Sedang,3,Sedang,2
Z150,Buket Pala,4.953684,97.758295,262,480,480000,Komersial,0.9,22,3.1,1350,60,200,250,520,1,1,8.1,2024,"459,733 - 489,866",8,0,Sangat Dekat,2,Sangat Tinggi,1
Z267,Buket Pala,4.953684,97.758295,391,2680,108000,Pertanian,4.3,47,9.8,310,620,1780,2220,3650,0,0,3.8,2024,"98,133 - 128,266",8,2,Sedang,3,Sedang,2
Z381,Buket Pala,4.953684,97.758295,517,1220,255000,Pemukiman,4.9,62,10.6,390,520,1480,1780,2850,0,0,3.3,2024,"248,800 - 278,933",8,1,Sedang,3,Sedang,2
Z038,Dama Pulo,4.94688,97.75347,138,880,265000,Pemukiman,3.8,48,7.8,450,380,1050,1250,2050,0,0,4.5,2024,"248,800 - 278,933",9,1,Sedang,3,Sedang,2
Z153,Dama Pulo,4.94688,97.75347,265,920,395000,Pemukiman,0.9,22,3.4,1220,80,290,350,620,1,1,8.0,2024,"369,333 - 399,466",9,1,Sangat Dekat,2,Tinggi,3
Z270,Dama Pulo,4.94688,97.75347,394,1450,225000,Pemukiman,5.2,64,11.1,360,580,1650,2020,3250,0,0,3.0,2024,"218,666 - 248,800",9,1,Sedang,3,Rendah,0
Z384,Dama Pulo,4.94688,97.75347,520,1820,128000,Pemukiman,8.1,84,19.2,150,1320,3620,4280,6520,0,0,1.2,2024,"98,133 - 128,266",9,1,Jauh,1,Rendah,0
Z041,Gampong Aceh,4.94902,97.76716,141,1150,165000,Pertanian,7.1,82,16.8,190,1150,3180,3750,5650,0,0,1.9,2024,"158,400 - 188,533",10,2,Jauh,1,Rendah,0
Z156,Gampong Aceh,4.94902,97.76716,268,1280,245000,Pertanian,4.7,61,10.5,330,570,1580,1920,3050,0,0,3.4,2024,"218,666 - 248,800",10,2,Sedang,3,Sedang,2
Z273,Gampong Aceh,4.94902,97.76716,397,1650,182000,Pertanian,7.4,88,16.3,160,1150,3150,3850,5750,0,0,1.3,2024,"158,400 - 188,533",10,2,Jauh,1,Rendah,0
Z387,Gampong Aceh,4.94902,97.76716,523,1020,315000,Pemukiman,2.1,31,4.8,820,140,520,630,1120,1,0,6.9,2024,"309,066 - 339,200",10,1,Dekat,0,Tinggi,3
Z044,Gampong Jalan,4.96279,97.75944,144,450,355000,Pemukiman,2.5,36,5.6,750,200,620,750,1250,1,0,6.3,2024,"339,200 - 369,333",11,1,Dekat,0,Tinggi,3
Z159,Gampong Jalan,4.96279,97.75944,271,1850,148000,Pertanian,5.4,63,12.9,250,780,2250,2680,4250,0,0,2.9,2024,"128,266 - 158,400",11,2,Sedang,3,Rendah,0
Z276,Gampong Jalan,4.96279,97.75944,400,2380,102000,Pertanian,9.6,98,23.1,110,1650,4750,5380,7950,0,0,0.6,2024,"98,133 - 128,266",11,2,Jauh,1,Rendah,0
Z390,Gampong Jalan,4.96279,97.75944,526,1950,135000,Pertanian,8.6,77,17.4,190,1120,2950,3520,5350,0,0,2.2,2024,"128,266 - 158,400",11,2,Jauh,1,Rendah,0
Z047,Gureb Blang,4.95253,97.74776,147,2580,105000,Pertanian,10.5,112,25.1,95,1720,4550,5250,8200,0,0,0.6,2024,"98,133 - 128,266",12,2,Jauh,1,Rendah,0
Z162,Gureb Blang,4.95253,97.74776,274,750,345000,Pemukiman,2.2,34,5.2,790,170,590,710,1200,1,0,6.7,2024,"339,200 - 369,333",12,1,Dekat,0,Tinggi,3
Z279,Gureb Blang,4.95253,97.74776,403,3550,95000,Pertanian,11.8,125,28.2,75,1950,4980,5880,9050,0,0,0.1,2024,"68,000 - 98,133",12,2,Jauh,1,Rendah,0
Z393,Gureb Blang,4.95253,97.74776,529,920,385000,Pemukiman,2.1,31,4.8,880,130,470,570,1020,1,1,6.9,2024,"369,333 - 399,466",12,1,Dekat,0,Tinggi,3
Z050,Kampung Blang,4.94808,97.77047,150,350,415000,Pemukiman,1.5,24,3.6,920,120,420,530,850,1,1,7.5,2024,"399,466 - 429,600",13,1,Dekat,0,Tinggi,3
Z165,Kampung Blang,4.94808,97.77047,277,650,375000,Pemukiman,1.8,29,4.3,850,120,470,570,980,1,0,7.3,2024,"369,333 - 399,466",13,1,Dekat,0,Tinggi,3
Z282,Kampung Blang,4.94808,97.77047,406,3620,90000,Pertanian,12.2,129,29.3,65,2020,5480,6220,9750,0,0,0.0,2024,"68,000 - 98,133",13,2,Jauh,1,,4
Z396,Kampung Blang,4.94808,97.77047,532,720,445000,Komersial,1.5,27,4.0,1180,90,270,320,680,1,1,7.2,2024,"429,600 - 459,733",13,0,Dekat,0,Tinggi,3
Z053,Kampung Jalan,4.96262,97.75781,153,850,305000,Pemukiman,1.7,31,4.9,920,140,520,600,1050,1,0,7.3,2024,"278,933 - 309,066",14,1,Dekat,0,Tinggi,3
Z168,Kampung Jalan,4.96262,97.75781,280,2150,130000,Pertanian,6.4,68,14.9,185,1020,2650,3220,5250,0,0,2.0,2024,"128,266 - 158,400",14,2,Jauh,1,Rendah,0
Z285,Kampung Jalan,4.96262,97.75781,409,850,415000,Komersial,1.6,26,4.0,1180,95,280,330,720,1,1,7.1,2024,"399,466 - 429,600",14,0,Dekat,0,Tinggi,3
Z399,Kampung Jalan,4.96262,97.75781,535,1180,365000,Pemukiman,0.9,22,3.3,1250,75,260,320,580,1,1,8.0,2024,"339,200 - 369,333",14,1,Sangat Dekat,2,Tinggi,3
Z008,Kampung Jawa,4.950312,97.77408,108,1350,265000,Pertanian,2.3,36,6.5,650,220,780,850,1400,0,0,6.2,2024,"248,800 - 278,933",15,2,Dekat,0,Tinggi,3
Z123,Kampung Jawa,4.950312,97.77408,235,1580,168000,Pertanian,5.7,66,13.8,230,850,2380,2820,4480,0,0,2.7,2024,"158,400 - 188,533",15,2,Sedang,3,Rendah,0
Z240,Kampung Jawa,4.950312,97.77408,364,1020,315000,Pemukiman,2.1,31,4.8,820,140,520,630,1120,1,0,6.9,2024,"309,066 - 339,200",15,1,Dekat,0,Tinggi,3
Z357,Kampung Jawa,4.950312,97.77408,493,2820,75000,Pertanian,1.4,23,4.6,720,220,650,820,1420,1,0,6.8,2024,"68,000 - 98,133",15,2,Dekat,0,Tinggi,3
Z056,Kampung Tanjong,4.95043,97.77991,156,750,415000,Pemukiman,1.3,27,4.0,1080,110,380,450,780,1,1,7.6,2024,"399,466 - 429,600",16,1,Dekat,0,Tinggi,3
Z171,Kampung Tanjong,4.95043,97.77991,283,1050,270000,Pemukiman,3.5,46,7.6,550,320,880,1050,1780,0,0,4.8,2024,"248,800 - 278,933",16,1,Sedang,3,Sedang,2
Z288,Kampung Tanjong,4.95043,97.77991,412,1680,245000,Pemukiman,4.3,59,9.6,480,470,1180,1420,2350,0,0,4.5,2024,"218,666 - 248,800",16,1,Sedang,3,Sedang,2
Z402,Kampung Tanjong,4.95043,97.77991,538,1680,192000,Pertanian,6.3,79,14.6,200,950,2580,3150,4750,0,0,1.7,2024,"188,533 - 218,666",16,2,Jauh,1,Rendah,0
Z059,Ketapang Dua,4.92212,97.79712,159,1350,200000,Pertanian,4.8,57,11.2,320,620,1780,2150,3480,0,0,3.3,2024,"188,533 - 218,666",17,2,Sedang,3,Sedang,2
Z174,Ketapang Dua,4.92212,97.79712,286,1180,235000,Pertanian,5.7,70,12.1,250,750,1950,2380,3850,0,0,2.6,2024,"218,666 - 248,800",17,2,Sedang,3,Rendah,0
Z291,Ketapang Dua,4.92212,97.79712,415,1950,158000,Pertanian,6.6,81,15.3,190,1020,2780,3420,5150,0,0,1.4,2024,"128,266 - 158,400",17,2,Jauh,1,Rendah,0
Z405,Ketapang Dua,4.92212,97.79712,541,2250,112000,Pertanian,3.3,42,8.7,380,450,1320,1620,2650,0,0,4.7,2024,"98,133 - 128,266",17,2,Sedang,3,Sedang,2
Z062,Keude Aceh,4.95213,97.767995,162,1420,180000,Pertanian,6.0,70,14.8,210,920,2580,3020,4750,0,0,2.3,2024,"158,400 - 188,533",18,2,Sedang,3,Rendah,0
Z177,Keude Aceh,4.95213,97.767995,289,1850,132000,Pertanian,8.7,92,20.4,135,1480,4050,4780,7150,0,0,1.2,2024,"128,266 - 158,400",18,2,Jauh,1,Rendah,0
Z294,Keude Aceh,4.95213,97.767995,418,2250,138000,Pertanian,9.8,103,22.0,100,1580,4350,5250,7850,0,0,0.3,2024,"128,266 - 158,400",18,2,Jauh,1,Rendah,0
Z408,Keude Aceh,4.95213,97.767995,544,1180,310000,Pemukiman,1.2,21,3.3,1120,80,360,440,820,1,0,7.9,2024,"309,066 - 339,200",18,1,Dekat,0,Tinggi,3
Z002,Keude Blang,5.018745,97.642446,102,380,520000,Komersial,0.3,15,2.1,1650,30,150,180,300,1,1,9.3,2024,"489,866 - 520,000",19,0,Sangat Dekat,2,Sangat Tinggi,1
Z117,Keude Blang,5.018745,97.642446,229,750,425000,Pemukiman,0.8,21,3.2,1280,75,270,340,580,1,1,8.2,2024,"399,466 - 429,600",19,1,Sangat Dekat,2,Sangat Tinggi,1
Z234,Keude Blang,5.018745,97.642446,358,1220,255000,Pemukiman,4.9,62,10.6,390,520,1480,1780,2850,0,0,3.3,2024,"248,800 - 278,933",19,1,Sedang,3,Sedang,2
Z351,Keude Blang,5.018745,97.642446,487,1720,325000,Pemukiman,2.1,33,5.1,1020,125,440,550,1020,1,1,6.4,2024,"309,066 - 339,200",19,1,Dekat,0,Tinggi,3
Z065,Keutapang Mameh,4.965023,97.771706,165,1950,140000,Pertanian,7.5,82,17.9,160,1150,3250,3850,6050,0,0,1.6,2024,"128,266 - 158,400",20,2,Jauh,1,Rendah,0
Z180,Keutapang Mameh,4.965023,97.771706,292,2920,108000,Pertanian,10.9,116,26.1,90,1780,4680,5480,8450,0,0,0.4,2024,"98,133 - 128,266",20,2,Jauh,1,Rendah,0
Z297,Keutapang Mameh,4.965023,97.771706,421,1420,285000,Pemukiman,1.1,20,3.2,1150,75,340,420,750,1,0,8.0,2024,"278,933 - 309,066",20,1,Dekat,0,Tinggi,3
Z411,Keutapang Mameh,4.965023,97.771706,547,920,325000,Pemukiman,0.9,18,3.0,1080,65,300,370,650,1,0,8.2,2024,"309,066 - 339,200",20,1,Sangat Dekat,2,Sangat Tinggi,1
Z068,Lhok Asahan,4.91815,97.78819,171,950,188000,Pemukiman,5.5,60,12.1,300,650,1850,2250,3650,0,0,3.1,2024,"158,400 - 188,533",21,1,Sedang,3,Sedang,2
Z183,Lhok Asahan,4.91815,97.78819,298,580,475000,Komersial,1.0,23,3.3,1320,65,190,240,500,1,1,8.0,2024,"459,733 - 489,866",21,0,Sangat Dekat,2,Tinggi,3
Z300,Lhok Asahan,4.91815,97.78819,427,3020,88000,Pertanian,4.0,44,8.8,340,520,1450,1820,2980,0,0,4.1,2024,"68,000 - 98,133",21,2,Sedang,3,Sedang,2
Z414,Lhok Asahan,4.91815,97.78819,553,1450,225000,Pemukiman,5.2,64,11.1,360,580,1650,2020,3250,0,0,3.0,2024,"218,666 - 248,800",21,1,Sedang,3,Rendah,0
Z071,Matang Bungong,4.92757,97.80742,174,580,320000,Pemukiman,2.7,36,6.0,690,230,720,850,1420,1,0,5.6,2024,"309,066 - 339,200",22,1,Dekat,0,Sedang,2
Z186,Matang Bungong,4.92757,97.80742,301,1250,285000,Pemukiman,2.8,41,6.5,720,250,720,860,1520,1,0,6.0,2024,"278,933 - 309,066",22,1,Dekat,0,Sedang,2
Z303,Matang Bungong,4.92757,97.80742,430,1920,128000,Pemukiman,10.0,106,23.4,95,1650,4550,5550,8250,0,0,0.1,2024,"98,133 - 128,266",22,1,Jauh,1,Rendah,0
Z417,Matang Bungong,4.92757,97.80742,556,1650,182000,Pertanian,7.4,88,16.3,160,1150,3150,3850,5750,0,0,1.3,2024,"158,400 - 188,533",22,2,Jauh,1,Rendah,0
Z074,Matang Rayeuk (PR),4.93219,97.79798,177,1080,175000,Pemukiman,6.8,76,16.0,200,1050,2920,3450,5280,0,0,2.1,2024,"158,400 - 188,533",23,1,Jauh,1,Rendah,0
Z189,Matang Rayeuk (PR),4.93219,97.79798,304,1520,210000,Pertanian,4.9,63,11.2,310,620,1650,2020,3250,0,0,3.2,2024,"188,533 - 218,666",23,2,Sedang,3,Sedang,2
Z306,Matang Rayeuk (PR),4.93219,97.79798,433,1880,152000,Pertanian,7.7,90,17.1,150,1220,3350,4150,6250,0,0,1.0,2024,"128,266 - 158,400",23,2,Jauh,1,Rendah,0
Z420,Matang Rayeuk (PR),4.93219,97.79798,559,2380,102000,Pertanian,9.6,98,23.1,110,1650,4750,5380,7950,0,0,0.6,2024,"98,133 - 128,266",23,2,Jauh,1,Rendah,0
Z077,Matang Rayeuk (SMK),4.9215,97.81222,180,650,345000,Pemukiman,2.7,38,5.9,720,210,650,780,1320,1,0,6.2,2024,"339,200 - 369,333",24,1,Dekat,0,Tinggi,3
Z192,Matang Rayeuk (SMK),4.9215,97.81222,307,1850,178000,Pertanian,8.0,85,17.4,160,1220,3480,4180,6350,0,0,1.4,2024,"158,400 - 188,533",24,2,Jauh,1,Rendah,0
Z309,Matang Rayeuk (SMK),4.9215,97.81222,436,2350,95000,Pertanian,9.3,96,22.2,115,1580,4350,5150,7650,0,0,0.7,2024,"68,000 - 98,133",24,2,Jauh,1,Rendah,0
Z423,Matang Rayeuk (SMK),4.9215,97.81222,562,3550,95000,Pertanian,11.8,125,28.2,75,1950,4980,5880,9050,0,0,0.1,2024,"68,000 - 98,133",24,2,Jauh,1,Rendah,0
Z080,Meunasah Jeumpa,4.92158,97.78055,183,1220,168000,Pertanian,7.1,67,14.2,240,850,2450,2880,4380,0,0,2.7,2024,"158,400 - 188,533",25,2,Jauh,1,Rendah,0
Z195,Meunasah Jeumpa,4.92158,97.78055,310,920,320000,Pemukiman,2.1,33,5.1,820,140,520,630,1080,1,0,7.0,2024,"309,066 - 339,200",25,1,Dekat,0,Tinggi,3
Z312,Meunasah Jeumpa,4.92158,97.78055,439,1220,310000,Pemukiman,1.1,19,3.1,1120,80,360,450,820,1,0,8.0,2024,"309,066 - 339,200",25,1,Dekat,0,Tinggi,3
Z426,Meunasah Jeumpa,4.92158,97.78055,565,3620,90000,Pertanian,12.2,129,29.3,65,2020,5480,6220,9750,0,0,0.0,2024,"68,000 - 98,133",25,2,Jauh,1,,4
Z083,Meunasah Puuk,4.94269,97.76313,186,380,420000,Pemukiman,1.6,25,3.8,880,130,450,550,880,1,1,7.4,2024,"399,466 - 429,600",26,1,Dekat,0,Tinggi,3
Z198,Meunasah Puuk,4.94269,97.76313,313,2180,142000,Pertanian,5.1,58,12.9,240,780,2250,2750,4450,0,0,2.7,2024,"128,266 - 158,400",26,2,Sedang,3,Rendah,0
Z315,Meunasah Puuk,4.94269,97.76313,442,3950,80000,Pertanian,12.9,136,30.8,55,2150,5880,6620,10350,0,0,0.0,2024,"68,000 - 98,133",26,2,Jauh,1,,4
Z429,Meunasah Puuk,4.94269,97.76313,568,850,415000,Komersial,1.6,26,4.0,1180,95,280,330,720,1,1,7.1,2024,"399,466 - 429,600",26,0,Dekat,0,Tinggi,3
Z086,Seuneubok Bacee,4.935716,97.781945,192,780,420000,Pemukiman,1.2,25,3.7,1150,100,350,420,720,1,1,7.7,2024,"399,466 - 429,600",27,1,Dekat,0,Tinggi,3
Z201,Seuneubok Bacee,4.935716,97.781945,319,1450,168000,Pemukiman,8.2,88,18.3,150,1250,3380,4080,6250,0,0,1.2,2024,"158,400 - 188,533",27,1,Jauh,1,Rendah,0
Z318,Seuneubok Bacee,4.935716,97.781945,448,1920,205000,Pemukiman,4.6,61,10.3,450,520,1220,1520,2520,0,0,4.2,2024,"188,533 - 218,666",27,1,Sedang,3,Sedang,2
Z432,Seuneubok Bacee,4.935716,97.781945,574,1950,158000,Pertanian,6.6,81,15.3,190,1020,2780,3420,5150,0,0,1.4,2024,"128,266 - 158,400",27,2,Jauh,1,Rendah,0
Z204,Seuneubok Rambong,4.94039,97.78733,328,820,340000,Pemukiman,2.0,29,4.7,850,130,480,580,1020,1,0,7.1,2024,"339,200 - 369,333",28,1,Dekat,0,Tinggi,3
Z321,Seuneubok Rambong,4.94039,97.78733,457,2520,102000,Pertanian,1.6,25,5.2,650,240,720,900,1520,1,0,6.6,2024,"98,133 - 128,266",28,2,Dekat,0,Tinggi,3
Z435,Seuneubok Rambong,4.94039,97.78733,583,2820,105000,Pertanian,3.0,37,7.4,410,430,1180,1450,2420,0,0,4.6,2024,"98,133 - 128,266",28,2,Dekat,0,Sedang,2
Z090,Seuneubok Teungoh (PR),4.88843,97.80519,202,1850,148000,Pertanian,6.8,75,16.2,190,1050,2950,3520,5650,0,0,1.9,2024,"128,266 - 158,400",29,2,Jauh,1,Rendah,0
Z207,Seuneubok Teungoh (PR),4.88843,97.80519,331,3320,89000,Pertanian,12.0,127,28.5,70,1980,5280,6020,9450,0,0,0.1,2024,"68,000 - 98,133",29,2,Jauh,1,Rendah,0
Z324,Seuneubok Teungoh (PR),4.88843,97.80519,460,3180,78000,Pertanian,2.7,34,6.8,420,420,1050,1320,2220,0,0,4.8,2024,"68,000 - 98,133",29,2,Dekat,0,Sedang,2
Z438,Seuneubok Teungoh (PR),4.88843,97.80519,586,3020,88000,Pertanian,4.0,44,8.8,340,520,1450,1820,2980,0,0,4.1,2024,"68,000 - 98,133",29,2,Sedang,3,Sedang,2
Z093,Seuneubok Teungoh (SMK),4.92726,97.79034,205,2250,122000,Pertanian,8.2,86,19.1,140,1320,3450,4120,6550,0,0,1.2,2024,"98,133 - 128,266",30,2,Jauh,1,Rendah,0
Z210,Seuneubok Teungoh (SMK),4.92726,97.79034,334,750,410000,Pemukiman,1.9,28,4.4,920,120,430,530,920,1,1,7.3,2024,"399,466 - 429,600",30,1,Dekat,0,Tinggi,3
Z327,Seuneubok Teungoh (SMK),4.92726,97.79034,463,1280,325000,Pemukiman,0.6,15,2.6,1220,50,240,300,550,1,0,8.5,2024,"309,066 - 339,200",30,1,Sangat Dekat,2,Sangat Tinggi,1
Z441,Seuneubok Teungoh (SMK),4.92726,97.79034,589,1920,128000,Pemukiman,10.0,106,23.4,95,1650,4550,5550,8250,0,0,0.1,2024,"98,133 - 128,266",30,1,Jauh,1,Rendah,0
Z096,Seuneubok Tutong,4.9125,97.726,208,980,195000,Pemukiman,6.4,70,14.1,240,850,2380,2880,4580,0,0,2.4,2024,"188,533 - 218,666",31,1,Jauh,1,Rendah,0
Z213,Seuneubok Tutong,4.9348,97.7483,337,1480,255000,Pemukiman,3.0,43,6.8,680,280,760,920,1580,0,0,5.8,2024,"248,800 - 278,933",31,1,Dekat,0,Sedang,2
Z330,Seuneubok Tutong,4.8982,97.7117,466,2180,105000,Pemukiman,10.3,109,24.1,90,1720,4750,5750,8550,0,0,0.1,2024,"98,133 - 128,266",31,1,Jauh,1,Rendah,0
Z444,Seuneubok Tutong,4.9192,97.7339,592,1880,152000,Pertanian,7.7,90,17.1,150,1220,3350,4150,6250,0,0,1.0,2024,"128,266 - 158,400",31,2,Jauh,1,Rendah,0
Z099,Tanjong Kapai,4.965897,97.762578,211,1050,245000,Pemukiman,4.4,54,8.8,370,480,1320,1580,2580,0,0,3.9,2024,"218,666 - 248,800",32,1,Sedang,3,Sedang,2
Z216,Tanjong Kapai,4.965897,97.762578,340,950,395000,Pemukiman,0.8,21,3.2,1250,70,230,280,520,1,1,8.3,2024,"369,333 - 399,466",32,1,Sangat Dekat,2,Sangat Tinggi,1
Z333,Tanjong Kapai,4.965897,97.762578,469,1680,210000,Pemukiman,6.7,80,14.5,240,880,2450,2950,4650,0,0,1.5,2024,"188,533 - 218,666",32,1,Jauh,1,Rendah,0
Z447,Tanjong Kapai,4.965897,97.762578,595,2350,95000,Pertanian,9.3,96,22.2,115,1580,4350,5150,7650,0,0,0.7,2024,"68,000 - 98,133",32,2,Jauh,1,Rendah,0
Z011,Tanoh Anou,4.943832,97.777176,111,550,435000,Pemukiman,1.1,24,3.4,1180,95,320,380,680,1,1,7.9,2024,"429,600 - 459,733",33,1,Dekat,0,Tinggi,3
Z126,Tanoh Anou,4.943832,97.777176,238,2050,142000,Pertanian,6.9,76,16.8,180,1080,3050,3650,5750,0,0,1.8,2024,"128,266 - 158,400",33,2,Jauh,1,Rendah,0
Z243,Tanoh Anou,4.943832,97.777176,367,1950,135000,Pertanian,8.6,77,17.4,190,1120,2950,3520,5350,0,0,2.2,2024,"128,266 - 158,400",33,2,Jauh,1,Rendah,0
Z360,Tanoh Anou,4.943832,97.777176,496,1750,280000,Pemukiman,0.2,11,1.8,1450,30,200,270,480,1,0,8.9,2024,"278,933 - 309,066",33,1,Sangat Dekat,2,Sangat Tinggi,1
Z102,Teupin Batee,4.96757,97.74699,214,1420,158000,Pertanian,7.5,84,17.8,170,1210,3350,3950,5980,0,0,1.7,2024,"128,266 - 158,400",34,2,Jauh,1,Rendah,0
Z219,Teupin Batee,4.96757,97.74699,343,2050,152000,Pertanian,8.3,87,18.1,150,1280,3520,4250,6450,0,0,1.3,2024,"128,266 - 158,400",34,2,Jauh,1,Rendah,0
Z336,Teupin Batee,4.96757,97.74699,472,2420,88000,Pemukiman,9.0,90,21.7,125,1480,4050,4850,7350,0,0,0.8,2024,"68,000 - 98,133",34,1,Jauh,1,Rendah,0
Z450,Teupin Batee,4.96757,97.74699,598,1220,310000,Pemukiman,1.1,19,3.1,1120,80,360,450,820,1,0,8.0,2024,"309,066 - 339,200",34,1,Dekat,0,Tinggi,3
Z105,Titi Baro,4.93328,97.78364,217,620,375000,Pemukiman,2.3,32,5.2,820,160,560,680,1150,1,0,6.7,2024,"369,333 - 399,466",35,1,Dekat,0,Tinggi,3
Z222,Titi Baro,4.93328,97.78364,346,1950,142000,Pertanian,3.6,45,9.4,350,520,1480,1820,2950,0,0,4.4,2024,"128,266 - 158,400",35,2,Sedang,3,Sedang,2
Z339,Titi Baro,4.93328,97.78364,475,1520,285000,Pemukiman,1.2,21,3.3,1080,85,380,480,850,1,0,7.9,2024,"278,933 - 309,066",35,1,Dekat,0,Tinggi,3
Z108,Tualang Dalam,4.91532,97.78519,220,2850,98000,Pertanian,11.1,118,26.4,85,1820,4780,5520,8650,0,0,0.4,2024,"68,000 - 98,133",36,2,Jauh,1,Rendah,0
Z225,Tualang Dalam,4.91532,97.78519,349,2520,118000,Pertanian,4.8,55,11.8,260,750,2150,2620,4250,0,0,3.0,2024,"98,133 - 128,266",36,2,Sedang,3,Rendah,0
Z342,Tualang Dalam,4.91532,97.78519,478,2450,108000,Pertanian,9.5,83,19.5,160,1320,3350,3950,6050,0,0,1.9,2024,"98,133 - 128,266",36,2,Jauh,1,Rendah,0
Z111,Ulee Blang,4.97331,97.76081,223,520,415000,Pemukiman,2.3,34,5.1,780,170,540,650,1120,1,1,6.7,2024,"399,466 - 429,600",37,1,Dekat,0,Tinggi,3
Z228,Ulee Blang,4.97331,97.76081,352,780,355000,Pemukiman,1.0,19,3.1,1080,60,320,390,680,1,0,8.1,2024,"339,200 - 369,333",37,1,Sangat Dekat,2,Sangat Tinggi,1
Z345,Ulee Blang,4.97331,97.76081,481,1350,355000,Pemukiman,1.7,27,4.1,1050,100,410,510,880,1,1,7.3,2024,"339,200 - 369,333",37,1,Dekat,0,Tinggi,3
Z114,Ulee Gle,4.89797,97.7936,226,1120,285000,Pemukiman,2.1,35,5.4,850,180,600,720,1250,1,0,6.8,2024,"278,933 - 309,066",38,1,Dekat,0,Tinggi,3
Z231,Ulee Gle,4.89797,97.7936,355,1720,142000,Pemukiman,8.5,90,19.0,140,1320,3620,4380,6650,0,0,1.0,2024,"128,266 - 158,400",38,1,Jauh,1,Rendah,0
Z348,Ulee Gle,4.89797,97.7936,484,1120,400000,Komersial,2.1,34,5.2,1020,130,390,470,980,1,1,6.3,2024,"399,466 - 429,600",38,0,Dekat,0,Tinggi,3
Z015,Alue Dua Muka O,4.976455,97.749566,115,980,275000,Pemukiman,3.0,42,7.8,520,320,1050,1250,1950,0,0,5.1,2025,"248,800 - 278,933",0,1,Dekat,0,Sedang,2
Z130,Alue Dua Muka O,4.976455,97.749566,242,2180,125000,Pertanian,7.5,79,17.8,150,1180,3150,3780,6050,0,0,1.5,2025,"98,133 - 128,266",0,2,Jauh,1,Rendah,0
Z247,Alue Dua Muka O,4.976455,97.749566,371,850,400000,Pemukiman,1.8,27,4.3,950,110,410,510,880,1,1,7.2,2025,"399,466 - 429,600",0,1,Dekat,0,Tinggi,3
Z018,Alue Dua Muka S,4.975852,97.746353,118,1180,185000,Pertanian,5.8,68,13.5,240,780,2150,2580,4100,0,0,2.4,2025,"158,400 - 188,533",1,2,Sedang,3,Rendah,0
Z133,Alue Dua Muka S,4.975852,97.746353,245,1150,188000,Pemukiman,7.0,76,15.5,200,980,2750,3320,5250,0,0,1.8,2025,"158,400 - 188,533",1,1,Jauh,1,Rendah,0
Z250,Alue Dua Muka S,4.975852,97.746353,374,1620,240000,Pemukiman,3.5,49,7.9,580,350,920,1120,1850,0,0,5.2,2025,"218,666 - 248,800",1,1,Sedang,3,Sedang,2
Z364,Alue Dua Muka S,4.975852,97.746353,500,1480,315000,Pemukiman,1.0,19,3.2,1120,70,300,380,720,1,0,8.1,2025,"309,066 - 339,200",1,1,Sangat Dekat,2,Sangat Tinggi,1
Z021,Bantayan Timur,4.939803,97.75776,121,1450,175000,Pertanian,6.2,72,14.8,200,920,2650,3100,4850,0,0,2.1,2025,"158,400 - 188,533",2,2,Jauh,1,Rendah,0
Z136,Bantayan Timur,4.939803,97.75776,248,1180,235000,Pemukiman,4.8,60,10.1,320,580,1480,1780,2880,0,0,3.4,2025,"218,666 - 248,800",2,1,Sedang,3,Sedang,2
Z253,Bantayan Timur,4.939803,97.75776,377,1080,385000,Pemukiman,1.2,25,3.7,1180,85,290,350,650,1,1,7.7,2025,"369,333 - 399,466",2,1,Dekat,0,Tinggi,3
Z367,Bantayan Timur,4.939803,97.75776,503,1920,168000,Pertanian,8.6,91,18.8,140,1350,3750,4520,6850,0,0,1.1,2025,"158,400 - 188,533",2,2,Jauh,1,Rendah,0
Z006,Blang Geulumpang,4.955553,97.779802,106,920,320000,Pemukiman,1.5,28,4.5,980,120,480,550,950,1,0,7.5,2025,"309,066 - 339,200",3,1,Dekat,0,Tinggi,3
Z121,Blang Geulumpang,4.955553,97.779802,233,1520,200000,Pertanian,6.6,73,14.5,220,950,2750,3280,5050,0,0,2.3,2025,"188,533 - 218,666",3,2,Jauh,1,Rendah,0
Z238,Blang Geulumpang,4.955553,97.779802,362,1950,122000,Pertanian,8.7,92,20.8,130,1480,4050,4780,7150,0,0,1.0,2025,"98,133 - 128,266",3,2,Jauh,1,Rendah,0
Z355,Blang Geulumpang,4.955553,97.779802,491,2750,98000,Pertanian,10.7,115,24.1,75,1820,4950,5850,8750,0,0,0.1,2025,"68,000 - 98,133",3,2,Jauh,1,Rendah,0
Z024,Buket Jok,4.957622,97.727797,124,580,345000,Pemukiman,2.1,34,5.2,780,180,580,690,1150,1,0,6.5,2025,"339,200 - 369,333",4,1,Dekat,0,Tinggi,3
Z139,Buket Jok,4.957622,97.727797,251,1550,152000,Pertanian,7.8,86,18.4,160,1280,3520,4150,6250,0,0,1.6,2025,"128,266 - 158,400",4,2,Jauh,1,Rendah,0
Z256,Buket Jok,4.957622,97.727797,380,2180,138000,Pertanian,8.9,93,19.5,130,1420,3850,4650,7050,0,0,0.9,2025,"128,266 - 158,400",4,2,Jauh,1,Rendah,0
Z370,Buket Jok,4.957622,97.727797,506,1120,305000,Pemukiman,1.7,27,4.1,920,110,460,560,980,1,0,7.4,2025,"278,933 - 309,066",4,1,Dekat,0,Tinggi,3
Z027,Buket Juara,4.955677,97.754384,127,1650,155000,Pertanian,7.2,80,17.2,170,1080,3120,3680,5850,0,0,1.7,2025,"128,266 - 158,400",5,2,Jauh,1,Rendah,0
Z142,Buket Juara,4.955677,97.754384,254,680,365000,Pemukiman,2.2,31,4.9,790,150,530,640,1080,1,0,6.9,2025,"339,200 - 369,333",5,1,Dekat,0,Tinggi,3
Z259,Buket Juara,4.955677,97.754384,383,2120,128000,Pertanian,2.9,38,8.0,420,400,1180,1450,2380,0,0,5.1,2025,"98,133 - 128,266",5,2,Dekat,0,Sedang,2
Z373,Buket Juara,4.955677,97.754384,509,2380,132000,Pertanian,4.4,51,11.1,280,680,1980,2420,3950,0,0,3.3,2025,"128,266 - 158,400",5,2,Sedang,3,Sedang,2
Z030,Buket Langa,4.96203,97.74058,130,520,375000,Pemukiman,2.2,32,5.1,720,170,560,680,1120,1,0,6.6,2025,"369,333 - 399,466",6,1,Dekat,0,Tinggi,3
Z145,Buket Langa,4.96203,97.74058,257,3050,95000,Pertanian,11.4,121,27.1,80,1880,4980,5720,8950,0,0,0.3,2025,"68,000 - 98,133",6,2,Jauh,1,Rendah,0
Z262,Buket Langa,4.96203,97.74058,386,2720,105000,Pertanian,4.1,48,9.8,300,620,1780,2180,3550,0,0,3.6,2025,"98,133 - 128,266",6,2,Sedang,3,Sedang,2
Z376,Buket Langa,4.96203,97.74058,512,2650,108000,Pertanian,5.4,58,12.1,240,820,2250,2750,4450,0,0,2.9,2025,"98,133 - 128,266",6,2,Sedang,3,Rendah,0
Z033,Buket Meulinteung,4.967052,97.730316,133,1780,138000,Pemukiman,8.1,88,18.8,165,1250,3420,4050,6500,0,0,1.4,2025,"128,266 - 158,400",7,1,Jauh,1,Rendah,0
Z148,Buket Meulinteung,4.967052,97.730316,260,650,410000,Pemukiman,2.4,36,5.4,760,170,530,640,1120,1,1,6.6,2025,"399,466 - 429,600",7,1,Dekat,0,Tinggi,3
Z265,Buket Meulinteung,4.967052,97.730316,389,850,345000,Pemukiman,0.6,15,2.5,1180,50,250,310,550,1,0,8.5,2025,"339,200 - 369,333",7,1,Sangat Dekat,2,Sangat Tinggi,1
Z379,Buket Meulinteung,4.967052,97.730316,515,1650,155000,Pemukiman,8.8,94,19.7,130,1380,3850,4650,7050,0,0,0.8,2025,"128,266 - 158,400",7,1,Jauh,1,Rendah,0
Z036,Buket Pala,4.953684,97.758295,136,750,295000,Pemukiman,3.1,42,6.8,580,280,820,980,1650,0,0,5.2,2025,"278,933 - 309,066",8,1,Sedang,3,Sedang,2
Z151,Buket Pala,4.953684,97.758295,263,1280,275000,Pemukiman,2.3,37,5.8,820,200,650,780,1350,1,0,6.5,2025,"248,800 - 278,933",8,1,Dekat,0,Tinggi,3
Z268,Buket Pala,4.953684,97.758295,392,1880,128000,Pemukiman,9.1,96,20.9,120,1450,4050,4950,7450,0,0,0.6,2025,"98,133 - 128,266",8,1,Jauh,1,Rendah,0
Z382,Buket Pala,4.953684,97.758295,518,1580,185000,Pertanian,6.5,78,14.2,200,950,2580,3150,4850,0,0,2.1,2025,"158,400 - 188,533",8,2,Jauh,1,Rendah,0
Z039,Dama Pulo,4.94688,97.75347,139,720,280000,Pemukiman,3.5,45,7.2,480,350,980,1180,1920,0,0,4.8,2025,"278,933 - 309,066",9,1,Sedang,3,Sedang,2
Z154,Dama Pulo,4.94688,97.75347,266,820,415000,Pemukiman,0.6,19,2.9,1320,65,240,300,550,1,1,8.4,2025,"399,466 - 429,600",9,1,Sangat Dekat,2,Sangat Tinggi,1
Z271,Dama Pulo,4.94688,97.75347,395,1350,240000,Pemukiman,5.5,68,11.8,330,630,1820,2220,3550,0,0,2.7,2025,"218,666 - 248,800",9,1,Sedang,3,Rendah,0
Z385,Dama Pulo,4.94688,97.75347,521,1950,122000,Pertanian,8.7,92,20.8,130,1480,4050,4780,7150,0,0,1.0,2025,"98,133 - 128,266",9,2,Jauh,1,Rendah,0
Z042,Gampong Aceh,4.94902,97.76716,142,1320,155000,Pertanian,7.6,85,17.5,175,1220,3420,4050,6050,0,0,1.6,2025,"128,266 - 158,400",10,2,Jauh,1,Rendah,0
Z157,Gampong Aceh,4.94902,97.76716,269,1780,175000,Pertanian,6.9,75,15.2,210,1020,2950,3550,5450,0,0,2.2,2025,"158,400 - 188,533",10,2,Jauh,1,Rendah,0
Z274,Gampong Aceh,4.94902,97.76716,398,1950,115000,Pemukiman,8.4,86,20.1,140,1380,3750,4450,6750,0,0,1.1,2025,"98,133 - 128,266",10,1,Jauh,1,Rendah,0
Z388,Gampong Aceh,4.94902,97.76716,524,920,330000,Pemukiman,1.8,27,4.3,890,120,460,560,980,1,0,7.2,2025,"309,066 - 339,200",10,1,Dekat,0,Tinggi,3
Z045,Gampong Jalan,4.96279,97.75944,145,2350,115000,Pertanian,9.8,105,23.2,110,1580,4150,4850,7650,0,0,0.8,2025,"98,133 - 128,266",11,2,Jauh,1,Rendah,0
Z160,Gampong Jalan,4.96279,97.75944,272,1720,162000,Pertanian,5.0,59,12.2,280,720,2080,2480,3950,0,0,3.2,2025,"158,400 - 188,533",11,2,Sedang,3,Sedang,2
Z277,Gampong Jalan,4.96279,97.75944,401,1150,305000,Pemukiman,1.6,26,4.0,920,100,440,540,950,1,0,7.5,2025,"278,933 - 309,066",11,1,Dekat,0,Tinggi,3
Z391,Gampong Jalan,4.96279,97.75944,527,3520,86000,Pertanian,12.3,130,29.2,65,2020,5480,6220,9750,0,0,0.0,2025,"68,000 - 98,133",11,2,Jauh,1,,4
Z048,Gureb Blang,4.95253,97.74776,148,2420,110000,Pertanian,10.1,108,24.5,100,1680,4380,5050,7950,0,0,0.7,2025,"98,133 - 128,266",12,2,Jauh,1,Rendah,0
Z163,Gureb Blang,4.95253,97.74776,275,2180,135000,Pertanian,6.2,69,15.1,195,980,2780,3350,5350,0,0,2.0,2025,"128,266 - 158,400",12,2,Jauh,1,Rendah,0
Z280,Gureb Blang,4.95253,97.74776,404,2120,128000,Pertanian,8.9,79,18.1,180,1180,3050,3620,5550,0,0,2.1,2025,"98,133 - 128,266",12,2,Jauh,1,Rendah,0
Z394,Gureb Blang,4.95253,97.74776,530,850,400000,Pemukiman,1.8,27,4.3,950,110,410,510,880,1,1,7.2,2025,"399,466 - 429,600",12,1,Dekat,0,Tinggi,3
Z051,Kampung Blang,4.94808,97.77047,151,480,470000,Komersial,0.4,16,2.3,1520,35,140,190,380,1,1,9.1,2025,"459,733 - 489,866",13,0,Sangat Dekat,2,Sangat Tinggi,1
Z166,Kampung Blang,4.94808,97.77047,278,720,360000,Pemukiman,2.1,33,4.9,780,150,530,640,1120,1,0,7.0,2025,"339,200 - 369,333",13,1,Dekat,0,Tinggi,3
Z283,Kampung Blang,4.94808,97.77047,407,1050,375000,Pemukiman,1.9,29,4.4,920,120,450,550,980,1,1,7.1,2025,"369,333 - 399,466",13,1,Dekat,0,Tinggi,3
Z397,Kampung Blang,4.94808,97.77047,533,1620,240000,Pemukiman,3.5,49,7.9,580,350,920,1120,1850,0,0,5.2,2025,"218,666 - 248,800",13,1,Sedang,3,Sedang,2
Z054,Kampung Jalan,4.96262,97.75781,154,720,325000,Pemukiman,1.4,27,4.3,1020,110,460,540,920,1,0,7.6,2025,"309,066 - 339,200",14,1,Dekat,0,Tinggi,3
Z169,Kampung Jalan,4.96262,97.75781,281,1420,168000,Pemukiman,7.3,78,16.2,190,1050,2850,3450,5450,0,0,1.7,2025,"158,400 - 188,533",14,1,Jauh,1,Rendah,0
Z286,Kampung Jalan,4.96262,97.75781,410,920,400000,Pemukiman,1.7,28,4.3,1120,105,310,370,780,1,1,6.9,2025,"399,466 - 429,600",14,1,Dekat,0,Tinggi,3
Z400,Kampung Jalan,4.96262,97.75781,536,1080,385000,Pemukiman,1.2,25,3.7,1180,85,290,350,650,1,1,7.7,2025,"369,333 - 399,466",14,1,Dekat,0,Tinggi,3
Z009,Kampung Jawa,4.950312,97.77408,109,1580,245000,Pertanian,2.8,40,7.2,580,280,920,1050,1650,0,0,5.8,2025,"218,666 - 248,800",15,2,Dekat,0,Sedang,2
Z124,Kampung Jawa,4.950312,97.77408,236,680,355000,Pemukiman,2.1,32,5.0,800,150,560,670,1150,1,0,6.8,2025,"339,200 - 369,333",15,1,Dekat,0,Tinggi,3
Z241,Kampung Jawa,4.950312,97.77408,365,920,330000,Pemukiman,1.8,27,4.3,890,120,460,560,980,1,0,7.2,2025,"309,066 - 339,200",15,1,Dekat,0,Tinggi,3
Z358,Kampung Jawa,4.950312,97.77408,494,2680,88000,Pertanian,1.0,19,4.0,820,180,550,720,1250,1,0,7.2,2025,"68,000 - 98,133",15,2,Sangat Dekat,2,Tinggi,3
Z057,Kampung Tanjong,4.95043,97.77991,157,1050,270000,Pertanian,3.5,47,8.1,450,380,1120,1350,2200,0,0,4.6,2025,"248,800 - 278,933",16,2,Sedang,3,Sedang,2
Z172,Kampung Tanjong,4.95043,97.77991,284,950,285000,Pemukiman,3.8,50,8.2,510,360,980,1180,1980,0,0,4.5,2025,"278,933 - 309,066",16,1,Sedang,3,Sedang,2
Z289,Kampung Tanjong,4.95043,97.77991,413,1320,355000,Pemukiman,1.3,24,3.6,1180,90,320,390,720,1,1,7.6,2025,"339,200 - 369,333",16,1,Dekat,0,Tinggi,3
Z403,Kampung Tanjong,4.95043,97.77991,539,2180,138000,Pertanian,8.9,93,19.5,130,1420,3850,4650,7050,0,0,0.9,2025,"128,266 - 158,400",16,2,Jauh,1,Rendah,0
Z060,Ketapang Dua,4.92212,97.79712,160,1150,210000,Pertanian,5.2,61,11.8,290,680,1950,2350,3750,0,0,3.0,2025,"188,533 - 218,666",17,2,Sedang,3,Rendah,0
Z175,Ketapang Dua,4.92212,97.79712,287,1480,158000,Pemukiman,7.5,80,17.8,170,1180,3250,3850,5850,0,0,1.6,2025,"128,266 - 158,400",17,1,Jauh,1,Rendah,0
Z292,Ketapang Dua,4.92212,97.79712,416,1850,175000,Pertanian,6.9,85,16.0,170,1080,2950,3650,5450,0,0,1.2,2025,"158,400 - 188,533",17,2,Jauh,1,Rendah,0
Z406,Ketapang Dua,4.92212,97.79712,542,2120,128000,Pertanian,2.9,38,8.0,420,400,1180,1450,2380,0,0,5.1,2025,"98,133 - 128,266",17,2,Dekat,0,Sedang,2
Z063,Keude Aceh,4.95213,97.767995,163,650,335000,Pemukiman,2.3,35,5.4,750,190,610,730,1280,1,0,6.4,2025,"309,066 - 339,200",18,1,Dekat,0,Tinggi,3
Z178,Keude Aceh,4.95213,97.767995,290,850,335000,Pemukiman,2.4,34,5.3,750,170,560,680,1180,1,0,6.7,2025,"309,066 - 339,200",18,1,Dekat,0,Tinggi,3
Z295,Keude Aceh,4.95213,97.767995,419,2420,98000,Pertanian,2.6,35,7.3,450,350,1050,1280,2120,0,0,5.4,2025,"68,000 - 98,133",18,2,Dekat,0,Sedang,2
Z409,Keude Aceh,4.95213,97.767995,545,2720,105000,Pertanian,4.1,48,9.8,300,620,1780,2180,3550,0,0,3.6,2025,"98,133 - 128,266",18,2,Sedang,3,Sedang,2
Z003,Keude Blang,5.018745,97.642446,103,520,450000,Pemukiman,0.5,18,2.5,1420,45,200,250,450,1,1,8.8,2025,"429,600 - 459,733",19,1,Sangat Dekat,2,Sangat Tinggi,1
Z118,Keude Blang,5.018745,97.642446,230,1350,240000,Pertanian,3.9,51,8.7,410,440,1250,1520,2480,0,0,4.2,2025,"218,666 - 248,800",19,2,Sedang,3,Sedang,2
Z235,Keude Blang,5.018745,97.642446,359,1580,185000,Pertanian,6.5,78,14.2,200,950,2580,3150,4850,0,0,2.1,2025,"158,400 - 188,533",19,2,Jauh,1,Rendah,0
Z352,Keude Blang,5.018745,97.642446,488,1650,345000,Pemukiman,2.4,37,5.6,950,140,480,590,1150,1,1,6.1,2025,"339,200 - 369,333",19,1,Dekat,0,Tinggi,3
Z066,Keutapang Mameh,4.965023,97.771706,166,1780,150000,Pertanian,7.0,78,16.8,180,1080,3050,3620,5750,0,0,1.8,2025,"128,266 - 158,400",20,2,Jauh,1,Rendah,0
Z181,Keutapang Mameh,4.965023,97.771706,293,1680,148000,Pertanian,8.0,73,16.0,210,980,2750,3320,4980,0,0,2.4,2025,"128,266 - 158,400",20,2,Jauh,1,Rendah,0
Z298,Keutapang Mameh,4.965023,97.771706,422,1350,300000,Pemukiman,0.8,17,2.7,1250,60,280,350,650,1,0,8.3,2025,"278,933 - 309,066",20,1,Sangat Dekat,2,Sangat Tinggi,1
Z412,Keutapang Mameh,4.965023,97.771706,548,850,345000,Pemukiman,0.6,15,2.5,1180,50,250,310,550,1,0,8.5,2025,"339,200 - 369,333",20,1,Sangat Dekat,2,Sangat Tinggi,1
Z069,Lhok Asahan,4.91815,97.78819,172,820,200000,Pemukiman,5.8,64,12.8,280,720,2020,2450,3950,0,0,2.9,2025,"188,533 - 218,666",21,1,Sedang,3,Rendah,0
Z184,Lhok Asahan,4.91815,97.78819,299,620,460000,Komersial,1.1,25,3.6,1280,70,210,260,550,1,1,7.8,2025,"459,733 - 489,866",21,0,Dekat,0,Tinggi,3
Z301,Lhok Asahan,4.91815,97.78819,428,2880,98000,Pertanian,3.6,40,8.1,380,470,1320,1650,2720,0,0,4.4,2025,"68,000 - 98,133",21,2,Sedang,3,Sedang,2
Z415,Lhok Asahan,4.91815,97.78819,554,1350,240000,Pemukiman,5.5,68,11.8,330,630,1820,2220,3550,0,0,2.7,2025,"218,666 - 248,800",21,1,Sedang,3,Rendah,0
Z072,Matang Bungong,4.92757,97.80742,175,950,255000,Pemukiman,3.9,49,8.0,420,400,1080,1280,2120,0,0,4.4,2025,"248,800 - 278,933",22,1,Sedang,3,Sedang,2
Z187,Matang Bungong,4.92757,97.80742,302,950,385000,Pemukiman,0.7,20,3.1,1250,75,260,320,580,1,1,8.3,2025,"369,333 - 399,466",22,1,Sangat Dekat,2,Sangat Tinggi,1
Z304,Matang Bungong,4.92757,97.80742,431,1620,210000,Pemukiman,5.8,70,12.4,310,680,1950,2420,3850,0,0,2.4,2025,"188,533 - 218,666",22,1,Sedang,3,Rendah,0
Z418,Matang Bungong,4.92757,97.80742,557,1950,115000,Pemukiman,8.4,86,20.1,140,1380,3750,4450,6750,0,0,1.1,2025,"98,133 - 128,266",22,1,Jauh,1,Rendah,0
Z075,Matang Rayeuk (PR),4.93219,97.79798,178,1280,160000,Pertanian,7.3,83,17.2,180,1180,3250,3820,5780,0,0,1.8,2025,"158,400 - 188,533",23,2,Jauh,1,Rendah,0
Z190,Matang Rayeuk (PR),4.93219,97.79798,305,1380,230000,Pertanian,5.2,67,11.9,280,680,1820,2220,3550,0,0,2.9,2025,"218,666 - 248,800",23,2,Sedang,3,Rendah,0
Z307,Matang Rayeuk (PR),4.93219,97.79798,434,1780,168000,Pertanian,8.0,94,17.8,140,1280,3550,4350,6550,0,0,0.8,2025,"158,400 - 188,533",23,2,Jauh,1,Rendah,0
Z421,Matang Rayeuk (PR),4.93219,97.79798,560,1150,305000,Pemukiman,1.6,26,4.0,920,100,440,540,950,1,0,7.5,2025,"278,933 - 309,066",23,1,Dekat,0,Tinggi,3
Z078,Matang Rayeuk (SMK),4.9215,97.81222,181,520,365000,Pemukiman,2.4,34,5.4,790,180,590,710,1180,1,0,6.5,2025,"339,200 - 369,333",24,1,Dekat,0,Tinggi,3
Z193,Matang Rayeuk (SMK),4.9215,97.81222,308,1920,138000,Pertanian,4.7,56,11.5,270,680,1950,2350,3750,0,0,3.5,2025,"128,266 - 158,400",24,2,Sedang,3,Sedang,2
Z310,Matang Rayeuk (SMK),4.9215,97.81222,437,2620,89000,Pertanian,9.9,100,24.1,100,1720,4750,5680,8350,0,0,0.4,2025,"68,000 - 98,133",24,2,Jauh,1,Rendah,0
Z424,Matang Rayeuk (SMK),4.9215,97.81222,563,2120,128000,Pertanian,8.9,79,18.1,180,1180,3050,3620,5550,0,0,2.1,2025,"98,133 - 128,266",24,2,Jauh,1,Rendah,0
Z081,Meunasah Jeumpa,4.92158,97.78055,184,2720,102000,Pertanian,10.8,115,25.8,90,1780,4680,5420,8450,0,0,0.5,2025,"98,133 - 128,266",25,2,Jauh,1,Rendah,0
Z196,Meunasah Jeumpa,4.92158,97.78055,311,850,335000,Pemukiman,1.8,29,4.6,890,120,480,580,980,1,0,7.3,2025,"309,066 - 339,200",25,1,Dekat,0,Tinggi,3
Z313,Meunasah Jeumpa,4.92158,97.78055,440,3780,92000,Pertanian,12.1,128,29.0,70,2020,5180,6080,9350,0,0,0.0,2025,"68,000 - 98,133",25,2,Jauh,1,,4
Z427,Meunasah Jeumpa,4.92158,97.78055,566,1050,375000,Pemukiman,1.9,29,4.4,920,120,450,550,980,1,1,7.1,2025,"369,333 - 399,466",25,1,Dekat,0,Tinggi,3
Z084,Meunasah Puuk,4.94269,97.76313,187,420,405000,Pemukiman,1.9,29,4.4,820,150,510,620,1020,1,1,7.1,2025,"399,466 - 429,600",26,1,Dekat,0,Tinggi,3
Z199,Meunasah Puuk,4.94269,97.76313,314,780,350000,Pemukiman,1.7,28,4.2,880,110,450,550,950,1,0,7.4,2025,"339,200 - 369,333",26,1,Dekat,0,Tinggi,3
Z316,Meunasah Puuk,4.94269,97.76313,443,3820,87000,Pertanian,12.5,132,30.0,60,2080,5680,6420,10050,0,0,0.0,2025,"68,000 - 98,133",26,2,Jauh,1,,4
Z430,Meunasah Puuk,4.94269,97.76313,569,920,400000,Pemukiman,1.7,28,4.3,1120,105,310,370,780,1,1,6.9,2025,"399,466 - 429,600",26,1,Dekat,0,Tinggi,3
Z087,Seuneubok Bacee,4.935716,97.781945,193,680,435000,Pemukiman,0.9,22,3.3,1250,90,310,380,650,1,1,8.0,2025,"429,600 - 459,733",27,1,Sangat Dekat,2,Tinggi,3
Z202,Seuneubok Bacee,4.935716,97.781945,320,1180,255000,Pemukiman,4.0,52,8.5,480,380,1050,1280,2050,0,0,4.2,2025,"248,800 - 278,933",27,1,Sedang,3,Sedang,2
Z319,Seuneubok Bacee,4.935716,97.781945,449,1850,225000,Pemukiman,4.9,65,11.0,420,570,1350,1680,2780,0,0,3.9,2025,"218,666 - 248,800",27,1,Sedang,3,Sedang,2
Z433,Seuneubok Bacee,4.935716,97.781945,575,1850,175000,Pertanian,6.9,85,16.0,170,1080,2950,3650,5450,0,0,1.2,2025,"158,400 - 188,533",27,2,Jauh,1,Rendah,0
Z205,Seuneubok Rambong,4.94039,97.78733,329,3150,105000,Pertanian,11.2,119,26.8,85,1820,4780,5680,8650,0,0,0.3,2025,"98,133 - 128,266",28,2,Jauh,1,Rendah,0
Z322,Seuneubok Rambong,4.94039,97.78733,458,1650,275000,Pemukiman,0.7,16,2.5,1280,55,260,330,580,1,0,8.4,2025,"248,800 - 278,933",28,1,Sangat Dekat,2,Sangat Tinggi,1
Z436,Seuneubok Rambong,4.94039,97.78733,584,1120,315000,Pemukiman,0.5,14,2.3,1220,45,230,290,520,1,0,8.6,2025,"309,066 - 339,200",28,1,Sangat Dekat,2,Sangat Tinggi,1
Z091,Seuneubok Teungoh (PR),4.88843,97.80519,203,580,385000,Pemukiman,2.0,31,4.7,780,140,520,630,1050,1,0,6.9,2025,"369,333 - 399,466",29,1,Dekat,0,Tinggi,3
Z208,Seuneubok Teungoh (PR),4.88843,97.80519,332,3180,96000,Pertanian,11.6,123,27.9,75,1920,5080,5820,9150,0,0,0.2,2025,"68,000 - 98,133",29,2,Jauh,1,Rendah,0
Z325,Seuneubok Teungoh (PR),4.88843,97.80519,461,3050,88000,Pertanian,2.3,30,6.1,470,370,950,1180,2020,1,0,5.2,2025,"68,000 - 98,133",29,2,Dekat,0,Sedang,2
Z439,Seuneubok Teungoh (PR),4.88843,97.80519,587,2880,98000,Pertanian,3.6,40,8.1,380,470,1320,1650,2720,0,0,4.4,2025,"68,000 - 98,133",29,2,Sedang,3,Sedang,2
Z094,Seuneubok Teungoh (SMK),4.92726,97.79034,206,2080,132000,Pertanian,7.8,82,18.3,155,1250,3250,3890,6250,0,0,1.4,2025,"128,266 - 158,400",30,2,Jauh,1,Rendah,0
Z211,Seuneubok Teungoh (SMK),4.92726,97.79034,335,650,455000,Komersial,1.2,24,3.5,1280,75,220,270,580,1,1,7.7,2025,"429,600 - 459,733",30,0,Dekat,0,Tinggi,3
Z328,Seuneubok Teungoh (SMK),4.92726,97.79034,464,3250,78000,Pertanian,3.3,37,7.1,420,470,1280,1620,2680,0,0,4.7,2025,"68,000 - 98,133",30,2,Sedang,3,Sedang,2
Z442,Seuneubok Teungoh (SMK),4.92726,97.79034,590,1620,210000,Pemukiman,5.8,70,12.4,310,680,1950,2420,3850,0,0,2.4,2025,"188,533 - 218,666",30,1,Sedang,3,Rendah,0
Z097,Seuneubok Tutong,4.938,97.7527,209,820,295000,Pemukiman,2.9,39,6.3,650,240,750,890,1520,1,0,5.4,2025,"278,933 - 309,066",31,1,Dekat,0,Sedang,2
Z214,Seuneubok Tutong,4.9337,97.7472,338,1350,275000,Pemukiman,3.3,47,7.4,620,320,850,1020,1750,0,0,5.5,2025,"248,800 - 278,933",31,1,Sedang,3,Sedang,2
Z331,Seuneubok Tutong,4.8971,97.7106,467,2080,118000,Pemukiman,10.6,113,24.8,80,1780,4950,5950,8850,0,0,0.0,2025,"98,133 - 128,266",31,1,Jauh,1,,4
Z445,Seuneubok Tutong,4.9181,97.7328,593,1780,168000,Pertanian,8.0,94,17.8,140,1280,3550,4350,6550,0,0,0.8,2025,"158,400 - 188,533",31,2,Jauh,1,Rendah,0
Z100,Tanjong Kapai,4.965897,97.762578,212,920,260000,Pemukiman,4.7,58,9.5,340,530,1450,1720,2780,0,0,3.6,2025,"248,800 - 278,933",32,1,Sedang,3,Sedang,2
Z217,Tanjong Kapai,4.965897,97.762578,341,1680,195000,Pertanian,5.5,69,12.6,260,750,1950,2380,3750,0,0,2.6,2025,"188,533 - 218,666",32,2,Sedang,3,Rendah,0
Z334,Tanjong Kapai,4.965897,97.762578,470,2050,135000,Pertanian,8.3,96,18.5,130,1350,3750,4550,6850,0,0,0.6,2025,"128,266 - 158,400",32,2,Jauh,1,Rendah,0
Z448,Tanjong Kapai,4.965897,97.762578,596,2620,89000,Pertanian,9.9,100,24.1,100,1720,4750,5680,8350,0,0,0.4,2025,"68,000 - 98,133",32,2,Jauh,1,Rendah,0
Z012,Tanoh Anou,4.943832,97.777176,112,680,410000,Pemukiman,1.4,28,4.1,1050,125,420,480,820,1,1,7.4,2025,"399,466 - 429,600",33,1,Dekat,0,Tinggi,3
Z127,Tanoh Anou,4.943832,97.777176,239,1920,152000,Pertanian,6.5,72,15.9,200,1020,2850,3420,5450,0,0,2.1,2025,"128,266 - 158,400",33,2,Jauh,1,Rendah,0
Z244,Tanoh Anou,4.943832,97.777176,368,3520,86000,Pertanian,12.3,130,29.2,65,2020,5480,6220,9750,0,0,0.0,2025,"68,000 - 98,133",33,2,Jauh,1,,4
Z361,Tanoh Anou,4.943832,97.777176,497,3420,68000,Pertanian,2.0,27,5.4,520,320,850,1080,1820,1,0,5.6,2025,"68,000 - 98,133",33,2,Dekat,0,Sedang,2
Z103,Teupin Batee,4.96757,97.74699,215,1580,145000,Pertanian,8.1,88,18.9,155,1350,3650,4320,6450,0,0,1.4,2025,"128,266 - 158,400",34,2,Jauh,1,Rendah,0
Z220,Teupin Batee,4.96757,97.74699,344,1920,168000,Pertanian,8.6,91,18.8,140,1350,3750,4520,6850,0,0,1.1,2025,"158,400 - 188,533",34,2,Jauh,1,Rendah,0
Z337,Teupin Batee,4.96757,97.74699,473,2650,82000,Pertanian,9.6,98,23.1,110,1650,4550,5350,7950,0,0,0.6,2025,"68,000 - 98,133",34,2,Jauh,1,Rendah,0
Z451,Teupin Batee,4.96757,97.74699,599,3780,92000,Pertanian,12.1,128,29.0,70,2020,5180,6080,9350,0,0,0.0,2025,"68,000 - 98,133",34,2,Jauh,1,,4
Z106,Titi Baro,4.93328,97.78364,218,2650,115000,Pertanian,10.3,110,24.8,100,1680,4380,5180,8050,0,0,0.6,2025,"98,133 - 128,266",35,2,Jauh,1,Rendah,0
Z223,Titi Baro,4.93328,97.78364,347,1120,305000,Pemukiman,1.7,27,4.1,920,110,460,560,980,1,0,7.4,2025,"278,933 - 309,066",35,1,Dekat,0,Tinggi,3
Z340,Titi Baro,4.93328,97.78364,476,1450,300000,Pemukiman,0.9,17,2.8,1180,70,320,410,750,1,0,8.2,2025,"278,933 - 309,066",35,1,Sangat Dekat,2,Sangat Tinggi,1
Z109,Tualang Dalam,4.91532,97.78519,221,2780,105000,Pertanian,10.7,114,25.9,90,1780,4680,5420,8450,0,0,0.5,2025,"98,133 - 128,266",36,2,Jauh,1,Rendah,0
Z226,Tualang Dalam,4.91532,97.78519,350,2380,132000,Pertanian,4.4,51,11.1,280,680,1980,2420,3950,0,0,3.3,2025,"128,266 - 158,400",36,2,Sedang,3,Sedang,2
Z343,Tualang Dalam,4.91532,97.78519,479,4150,77000,Pertanian,13.2,139,31.5,50,2220,6080,6820,10650,0,0,0.0,2025,"68,000 - 98,133",36,2,Jauh,1,,4
Z112,Ulee Blang,4.97331,97.76081,224,480,485000,Komersial,0.6,18,2.6,1450,45,170,220,460,1,1,8.6,2025,"459,733 - 489,866",37,0,Sangat Dekat,2,Sangat Tinggi,1
Z229,Ulee Blang,4.97331,97.76081,353,2650,108000,Pertanian,5.4,58,12.1,240,820,2250,2750,4450,0,0,2.9,2025,"98,133 - 128,266",37,2,Sedang,3,Rendah,0
Z346,Ulee Blang,4.97331,97.76081,482,1280,370000,Pemukiman,1.4,23,3.6,1150,85,350,440,780,1,1,7.6,2025,"369,333 - 399,466",37,1,Dekat,0,Tinggi,3
Z115,Ulee Gle,4.89797,97.7936,227,980,305000,Pemukiman,1.8,31,4.8,950,150,540,620,1080,1,0,7.2,2025,"278,933 - 309,066",38,1,Dekat,0,Tinggi,3
Z232,Ulee Gle,4.89797,97.7936,356,1650,155000,Pemukiman,8.8,94,19.7,130,1380,3850,4650,7050,0,0,0.8,2025,"128,266 - 158,400",38,1,Jauh,1,Rendah,0
Z349,Ulee Gle,4.89797,97.7936,485,2150,185000,Pemukiman,5.2,67,11.7,390,620,1420,1780,2950,0,0,3.6,2025,"158,400 - 188,533",38,1,Sedang,3,Sedang,2
